sender_id,timestamp,duration,call_steps,call_type,reason,order,repeat_location,name,poi,street,city,zip,nr,datetime
F885EBCD23CE274A.1637936798.6732623,"2021-11-26 14:26:39",108,8,CALL,NULL,1,0,0,0,0,0,1,1,0
FF2FE5F527B99B7F.1637933773.6698616,"2021-11-26 13:36:14",5,0,EARLY_ABORT,NULL,0,0,0,0,0,0,0,0,0
BDC75C50EF35AA2F.1637926251.585339,"2021-11-26 11:30:53",26,1,CALL,NULL,0,0,0,0,0,0,0,0,0
8EE757C5954A6CBE.1637926158.6338205,"2021-11-26 11:29:19",26,0,EARLY_ABORT,NULL,0,0,0,0,0,0,0,0,0
284FF5D0096AA242.1637924845.6467513,"2021-11-26 11:07:26",168,9,FORWARD,NUMBER_CHANGE,0,0,0,0,0,0,1,1,0
835719472C0A4620.1637924466.6277439,"2021-11-26 11:01:10",36,1,CALL,NULL,0,0,0,0,0,0,0,0,0
06DE7C1913C5744D.1637924194.6536359,"2021-11-26 10:56:35",36,1,DTMF_ORDER,NULL,1,0,0,0,0,0,0,0,0
636996E869F4CBE3.1637923353.6259834,"2021-11-26 10:42:34",81,7,CALL,NULL,1,0,0,0,0,0,1,1,0
3014C020C8FFD002.1637920916.463897,"2021-11-26 10:01:57",100,8,CALL,NULL,1,0,0,0,0,0,1,1,0
16A19595F9B531C1.1637916800.6393317,"2021-11-26 08:53:20",102,8,CALL,NULL,0,0,0,0,0,0,0,0,0
F85F164B9A305E48.1637916647.6124141,"2021-11-26 08:50:48",34,0,DTMF_ORDER,NULL,1,0,0,0,0,0,0,0,0
52B1FA510B84A953.1637916022.6110347,"2021-11-26 08:40:23",4,0,EARLY_ABORT,NULL,0,0,0,0,0,0,0,0,0
110F6E8FB6E7C0BD.1637911220.6196667,"2021-11-26 07:20:21",166,12,CALL,NULL,1,0,0,0,0,0,1,0,0
5006874BE49AD459.1637906089.6243563,"2021-11-26 05:54:50",6,0,EARLY_ABORT,NULL,0,0,0,0,0,0,0,0,0
73414795E13267FB.1637889652.5919372,"2021-11-26 01:20:54",32,0,DTMF_ORDER,NULL,1,0,0,0,0,0,0,0,0
309C49B01C7A8C04.1637878129.5819088,"2021-11-25 22:08:50",34,0,DTMF_ORDER,NULL,1,0,0,0,0,0,0,0,0
77D10D2D1B308CD6.1637866613.5707201,"2021-11-25 18:56:54",32,2,CALL,NULL,0,0,0,0,0,0,0,0,0
7EB71063311D72B4.1637851015.5537428,"2021-11-25 14:36:57",30,1,CALL,NULL,0,0,0,0,0,0,0,0,0
FFF1A459AC77BDF1.1637848963.5678918,"2021-11-25 14:02:43",36,1,CALL,NULL,0,0,0,0,0,0,0,0,0
53D557DF066AE4DC.1637848897.177857,"2021-11-25 14:01:38",24,0,EARLY_ABORT,NULL,0,0,0,0,0,0,0,0,0
7B1E9BCCAC8F2830.1637848811.5499252,"2021-11-25 14:00:12",37,1,CALL,NULL,0,0,0,0,0,0,0,0,0
D7C0525458ADAB03.1637848518.5758007,"2021-11-25 13:55:19",78,7,CALL,NULL,0,0,0,0,0,0,1,1,0
E2AAF3DB462F8485.1637846305.5405847,"2021-11-25 13:18:26",33,0,DTMF_ORDER,NULL,1,0,0,0,0,0,0,0,0
3CBEF507A6DFFEA0.1637840103.5579522,"2021-11-25 11:35:04",32,0,DTMF_ORDER,NULL,1,0,0,0,0,0,0,0,0
581E13454C49F08E.1637831355.5353685,"2021-11-25 09:09:16",38,0,DTMF_ORDER,NULL,1,0,0,0,0,0,0,0,0
6A1C2AA3227568DF.1637831317.5352758,"2021-11-25 09:08:37",22,1,CALL,NULL,0,0,0,0,0,0,0,0,0
24D55F310E2D02F6.1637791429.4830493,"2021-11-24 22:03:50",87,7,CALL,NULL,1,0,0,0,0,0,1,1,0
66891CBE8C5C5AD9.1637791408.5015623,"2021-11-24 22:03:29",3,0,EARLY_ABORT,NULL,0,0,0,0,0,0,0,0,0
23938830140AD73B.1637791270.4801840,"2021-11-24 22:01:11",73,5,CALL,NULL,0,0,0,0,0,0,1,1,0
FFA41AD2B9B5899A.1637774478.4696104,"2021-11-24 17:21:19",67,0,FORWARD,BLOCKED,0,0,0,0,0,0,0,0,0
BD8ECA25C0CF2AD4.1637766415.4795535,"2021-11-24 15:06:56",27,1,CALL,NULL,0,0,0,0,0,0,0,0,0
277E3046BB379143.1637766363.4573592,"2021-11-24 15:06:05",21,0,DTMF_ORDER,NULL,1,0,0,0,0,0,0,0,0
9101F015C33FC64D.1637763486.4839900,"2021-11-24 14:18:06",27,0,EARLY_ABORT,NULL,0,0,0,0,0,0,0,0,0
3341EBC1E552406A.1637763395.4838246,"2021-11-24 14:16:36",27,1,CALL,NULL,0,0,0,0,0,0,0,0,0
308414147A40724B.1637759466.4499345,"2021-11-24 13:11:06",13,0,EARLY_ABORT,NULL,0,0,0,0,0,0,0,0,0
34AD7EAC9B9D96D7.1637753113.4376994,"2021-11-24 11:25:15",20,0,EARLY_ABORT,NULL,0,0,0,0,0,0,0,0,0
E9259F8130D60902.1637749262.4306278,"2021-11-24 10:21:03",31,0,DTMF_ORDER,NULL,1,0,0,0,0,0,0,0,0
7C2413B663DB7BF8.1637748321.4470074,"2021-11-24 10:05:22",80,6,CALL,NULL,1,0,0,0,0,0,1,1,1
4E24EC4BECD78306.1637748201.4555734,"2021-11-24 10:03:22",5,0,EARLY_ABORT,NULL,0,0,0,0,0,0,0,0,0
4F61C85F6698DA8A.1637748060.4282156,"2021-11-24 10:01:01",31,0,DTMF_ORDER,NULL,1,0,0,0,0,0,0,0,0
66F261D59D4D73AC.1637747955.4280204,"2021-11-24 09:59:16",17,0,EARLY_ABORT,NULL,0,0,0,0,0,0,0,0,0
38783ABE84B7E0B8.1637742511.4143128,"2021-11-24 08:28:32",33,0,DTMF_ORDER,NULL,1,0,0,0,0,0,0,0,0
4024E12CB90962E4.1637739550.4134852,"2021-11-24 07:39:11",46,2,CALL,NULL,0,0,0,0,0,0,1,1,0
78D3B50E8A0A9B8E.1637737999.4387019,"2021-11-24 07:13:20",87,7,CALL,NULL,1,0,0,0,0,0,1,1,0
3D1B8C501FFE6C9B.1637703591.4161613,"2021-11-23 21:39:52",80,7,CALL,NULL,1,0,0,0,0,0,1,1,0
09696DE4AD317CBE.1637692845.4075896,"2021-11-23 18:40:46",26,0,EARLY_ABORT,NULL,0,0,0,0,0,0,0,0,0
42B79FAF02B42B77.1637683464.3983512,"2021-11-23 16:04:25",130,11,CALL,NULL,1,0,0,0,0,0,1,1,1
73D3561D004A8FFB.1637681660.3746105,"2021-11-23 15:34:21",104,8,CALL,NULL,1,0,0,0,0,0,1,1,1
126D3C74D6B7FC2C.1637673954.3622308,"2021-11-23 13:25:55",25,2,CALL,NULL,0,0,0,0,0,0,1,1,0
116FB052889F6EFE.1637673213.3641969,"2021-11-23 13:13:34",57,4,CALL,NULL,0,0,0,0,0,0,1,0,0
4AB8549440933962.1637672597.3810574,"2021-11-23 13:03:18",13,0,EARLY_ABORT,NULL,0,0,0,0,0,0,0,0,0
4F0F098F78E33D3B.1637663295.3391641,"2021-11-23 10:28:17",29,0,DTMF_ORDER,NULL,1,0,0,0,0,0,0,0,0
AF5844D2289364D3.1637658101.3277709,"2021-11-23 09:01:43",25,1,DTMF_ORDER,NULL,1,0,0,0,0,0,0,0,0
FFE3D40FC8F76A0E.1637653975.3503320,"2021-11-23 07:52:56",52,4,CALL,NULL,0,0,0,0,0,0,1,1,0
5A30907F382125CE.1637652433.3488271,"2021-11-23 07:27:14",26,0,EARLY_ABORT,NULL,0,0,0,0,0,0,0,0,0
BC97B3068CE8234C.1637652385.3221335,"2021-11-23 07:26:34",131,9,CALL,NULL,1,0,0,0,0,0,1,1,1
E776592C571649D3.1637652351.3487232,"2021-11-23 07:25:53",29,1,CALL,NULL,0,0,0,0,0,0,0,0,0
C32B4CBA3A56FFE0.1637652249.3396606,"2021-11-23 07:24:10",1,0,FORWARD,BLOCKED,0,0,0,0,0,0,0,0,0
321166CDEA8931C3.1637650939.3473924,"2021-11-23 07:02:20",129,9,CALL,NULL,1,0,0,0,0,0,1,1,1
4201E6133776CFF8.1637650699.3434440,"2021-11-23 06:58:21",124,9,CALL,NULL,0,0,0,0,0,0,0,0,0
2CB905C3ED2EB988.1637615111.3332416,"2021-11-22 21:05:12",33,2,CALL,NULL,0,0,0,0,0,0,1,1,0
4A07705506BA4F75.1637615003.3247918,"2021-11-22 21:03:24",11,0,EARLY_ABORT,NULL,0,0,0,0,0,0,0,0,0
686A0FC63106AE5B.1637606851.3010678,"2021-11-22 18:47:32",131,11,CALL,NULL,1,0,0,0,0,0,1,1,1
8299E5D370942422.1637596238.3154767,"2021-11-22 15:50:39",43,2,CALL,,0,0,0,0,0,0,0,0,0
15B71DB359E87930.1637589864.3091923,"2021-11-22 14:04:26",58,0,FORWARD,BLOCKED,0,0,0,0,0,0,0,0,0
23E17E74D1FE891F.1637576669.2586989,"2021-11-22 10:24:30",29,0,DTMF_ORDER,,1,0,0,0,0,0,0,0,0
6BED1462CD4DF32D.1637576465.2843464,"2021-11-22 10:21:06",22,1,CALL,,0,0,0,0,0,0,0,0,0
54C8F330D0341C91.1637574941.2734352,"2021-11-22 09:55:46",40,2,CALL,,0,0,0,0,0,0,1,1,0
F709BFF4F8C3BA1E.1637574906.2812954,"2021-11-22 09:55:07",27,0,EARLY_ABORT,,0,0,0,0,0,0,0,0,0
6A1070A116B61A21.1637574043.2718020,"2021-11-22 09:40:44",24,1,CALL,,0,0,0,0,0,0,0,0,0
AD5C6D667C47A614.1637574004.2720507,"2021-11-22 09:40:05",5,0,EARLY_ABORT,,0,0,0,0,0,0,0,0,0
819C7AFABD7730E2.1637571521.2673623,"2021-11-22 08:58:42",102,8,CALL,,1,0,0,0,0,0,1,1,1
9055BC9540D3D137.1637571359.2459025,"2021-11-22 08:56:00",32,0,DTMF_ORDER,,1,0,0,0,0,0,0,0,0
C4F1D8391378A345.1637570686.2663531,"2021-11-22 08:44:47",110,3,FORWARD,USER,0,0,0,0,0,0,0,0,0
7AD97E00420D4D61.1637562893.2395466,"2021-11-22 06:34:53",101,8,CALL,,1,0,0,0,0,0,1,1,1
7325778609829CE1.1637562238.2390054,"2021-11-22 06:24:00",85,7,CALL,,1,0,0,0,0,0,1,1,0
2284F0A73C2C61AF.1637511819.2285138,"2021-11-21 16:23:39",34,1,CALL,,0,0,0,0,0,0,0,0,0
B69409C3BBB2A740.1637511727.2362436,"2021-11-21 16:22:08",77,6,FORWARD,FALLBACK,0,0,0,0,0,0,0,0,0
3AD555EB084CFAB8.1637509786.2060211,"2021-11-21 15:49:47",88,7,CALL,,1,0,0,0,0,0,1,1,1
60B2EF318224A93B.1637498995.2194241,"2021-11-21 12:49:56",52,3,CALL,,0,0,0,0,0,0,0,0,0
E4D36EA64AC86AB1.1637497429.2190224,"2021-11-21 12:23:50",109,0,FORWARD,NO_NUMBER,0,0,0,0,0,0,1,1,1
6AA5A7CF79ECF53A.1637497406.2189978,"2021-11-21 12:23:27",86,4,CALL,,0,0,0,0,0,0,1,1,0
D69B41B5821315BF.1637497345.2182477,"2021-11-21 12:22:25",44,2,CALL,,0,0,0,0,0,0,0,0,0
07663A07F7BEDC90.1637496078.2172411,"2021-11-21 12:01:19",105,8,CALL,,1,0,0,0,0,0,1,1,1
91C648B67108F23F.1637493213.1973705,"2021-11-21 11:13:34",136,11,CALL,,1,0,0,0,0,0,0,0,0
0C2D4223B292EAAE.1637490799.2188655,"2021-11-21 10:33:20",19,0,EARLY_ABORT,,0,0,0,0,0,0,0,0,0
65EE91E24D36354B.1637485143.2098204,"2021-11-21 08:59:03",6,0,EARLY_ABORT,,0,0,0,0,0,0,0,0,0
0DCBFAEF995C9CFA.1637484958.2144693,"2021-11-21 08:55:59",82,1,FORWARD,USER,0,0,0,0,0,0,0,0,0
D85B0EADB54D87B6.1637484873.2144097,"2021-11-21 08:54:34",69,4,CALL,,0,0,0,0,0,0,0,0,0
184B49C1A7FD33B5.1637479870.2068152,"2021-11-21 07:31:11",26,1,CALL,,0,0,0,0,0,0,0,0,0
20C001414897D10E.1637456111.1809269,"2021-11-21 00:55:12",7,0,EARLY_ABORT,,0,0,0,0,0,0,0,0,0
F635449DCCD2B270.1637444501.2010445,"2021-11-20 21:41:42",180,4,FORWARD,USER,0,0,0,0,0,0,1,1,0
46B9B0C7B8DBE7D1.1637444427.1927639,"2021-11-20 21:40:28",27,0,EARLY_ABORT,,0,0,0,0,0,0,0,0,0
F2EBC74BC3344893.1637443603.1746613,"2021-11-20 21:26:44",44,3,CALL,,1,0,0,0,0,0,0,0,0
481BA17214E02282.1637443602.1980109,"2021-11-20 21:26:43",57,4,CALL,,0,0,0,0,0,0,1,1,0
4E2278F407D6637A.1637440845.1985569,"2021-11-20 20:40:46",101,8,CALL,,1,0,0,0,0,0,1,0,1
C2B4753B9A50A2AA.1637426061.1813487,"2021-11-20 16:34:22",45,3,CALL,,0,0,0,0,0,0,1,1,1
B60DF864885C96E1.1637425957.1812733,"2021-11-20 16:32:38",68,5,CALL,,0,0,0,0,0,0,0,0,0
17A0A1ABB64FEFAB.1637422321.1832080,"2021-11-20 15:32:03",114,10,CALL,,1,0,0,0,0,0,1,1,1
AD4EA7EC25E22AF4.1637422289.1597448,"2021-11-20 15:31:30",33,0,DTMF_ORDER,,1,0,0,0,0,0,0,0,0
AAFD1045D68E6F6A.1637420268.1817404,"2021-11-20 14:57:50",28,0,DTMF_ORDER,,1,0,0,0,0,0,0,1,1
1399F6488F5A1698.1637407994.1491992,"2021-11-20 11:33:14",25,0,DTMF_ORDER,,1,0,0,0,0,0,0,0,0
5BA2BDAAE93A9C7A.1637406802.1659548,"2021-11-20 11:13:23",84,0,FORWARD,NO_NUMBER,0,0,0,0,0,0,0,0,0
BFBB559CBC11DA6F.1637398892.1425723,"2021-11-20 09:01:33",33,2,CALL,,0,0,0,0,0,0,0,0,0
8D4E6996F6F72CE5.1637390276.1541486,"2021-11-20 06:37:57",56,0,FORWARD,BLOCKED,0,0,0,0,0,0,0,0,0
6E01815D32EFF899.1637390157.1623775,"2021-11-20 06:35:59",50,0,FORWARD,BLOCKED,0,0,0,0,0,0,0,0,0
5FCF8912A5B9039B.1637386895.1528945,"2021-11-20 05:41:37",74,0,FORWARD,BLOCKED,0,0,0,0,0,0,0,0,0
9C83AB1A7CB79A31.1637373165.1313176,"2021-11-20 01:52:46",48,0,FORWARD,BLOCKED,0,0,0,0,0,0,0,0,0
8BDBACCA4B14823D.1637366235.1263043,"2021-11-19 23:57:16",38,0,FORWARD,BLOCKED,0,0,0,0,0,0,1,1,0
025094DC01AA8F87.1637358655.1506113,"2021-11-19 21:50:56",111,9,CALL,,1,0,0,0,0,0,1,1,0
766622F6FB7CD333.1637342963.1136922,"2021-11-19 17:29:24",32,0,DTMF_ORDER,,1,0,0,0,0,0,0,0,0
1CBE4BD8DEC3AC13.1637342209.1109447,"2021-11-19 17:16:50",7,0,EARLY_ABORT,,0,0,0,0,0,0,0,0,0
0745FEE0C3A58561.1637336420.1260406,"2021-11-19 15:40:20",126,0,FORWARD,BLOCKED,0,0,0,0,0,0,0,0,0
464E966D9255CD97.1637333431.1253524,"2021-11-19 14:50:32",62,5,FORWARD,FALLBACK,0,0,0,0,0,0,0,0,0
862D4C300602794E.1637321653.1123735,"2021-11-19 11:34:14",144,8,FORWARD,NUMBER_CHANGE,0,0,0,0,0,0,0,0,0
9BB5565FC8CF0A7A.1637321533.909704,"2021-11-19 11:32:14",80,7,CALL,,0,0,0,0,0,0,0,0,0
D128C93BDFDFC30E.1637321220.905354,"2021-11-19 11:27:02",127,0,FORWARD,BLOCKED,0,0,0,0,0,0,0,0,0
D62F120583AF48F1.1637319872.1065013,"2021-11-19 11:04:33",46,0,FORWARD,NO_NUMBER,0,0,0,0,0,0,1,1,0
4D11B02E490505F0.1637319300.882189,"2021-11-19 10:55:01",36,0,FORWARD,BLOCKED,0,0,0,0,0,0,0,0,0
FCB4D720ED371B1A.1637317135.831924,"2021-11-19 10:18:56",3,0,EARLY_ABORT,,0,0,0,0,0,0,1,1,0
2B3CFD6974587622.1637315125.1000210,"2021-11-19 09:45:26",125,4,FORWARD,FALLBACK,0,0,0,0,0,0,0,0,0
68E60C846BF54E5E.1637314557.815894,"2021-11-19 09:35:59",101,0,FORWARD,BLOCKED,0,0,0,0,0,0,0,0,0
228F5DF7C291A92B.1637313540.1014582,"2021-11-19 09:19:01",932,0,FORWARD,BLOCKED,0,0,0,0,0,0,0,0,0
78925D7BE8FF7CA7.1637312999.776200,"2021-11-19 09:10:01",27,0,DTMF_ORDER,,1,0,0,0,0,0,0,0,0
D04C8F62A28F0C2F.1637311990.956954,"2021-11-19 08:53:11",38,0,FORWARD,NO_NUMBER,0,0,0,0,0,0,0,0,0
9EF73ED8AB9648BB.1637309239.958330,"2021-11-19 08:07:20",26,0,EARLY_ABORT,,0,0,0,0,0,0,0,0,0
2B45FE2120037116.1637306310.893029,"2021-11-19 07:18:32",28,0,DTMF_ORDER,,1,0,0,0,0,0,0,0,0
3F88B008ED83EEB4.1637304781.960045,"2021-11-19 06:53:03",28,0,DTMF_ORDER,,1,0,0,0,0,0,0,0,0
2733F333C7995CB5.1637304731.879462,"2021-11-19 06:52:12",29,0,DTMF_ORDER,,1,0,0,0,0,0,0,0,0
95E09FF823714499.1637258608.716458,"2021-11-18 18:03:29",29,0,DTMF_ORDER,,1,0,0,0,0,0,1,1,1
615A0F90E5D618D8.1637254801.474296,"2021-11-18 17:00:02",58,4,CALL,,0,0,0,0,0,0,1,1,0
E29A87559CFCA569.1637248441.393896,"2021-11-18 15:14:02",29,0,DTMF_ORDER,,1,0,0,0,0,0,0,0,0
14E24DC8947AD44B.1637242697.512771,"2021-11-18 13:38:18",27,0,DTMF_ORDER,,1,0,0,0,0,0,0,0,0
BB0F54FEB8E0944D.1637239302.296983,"2021-11-18 12:41:43",50,2,CALL,,0,0,0,0,0,0,0,0,0
E438B5D805A5E7CF.1637239217.468571,"2021-11-18 12:40:19",49,2,CALL,,0,0,0,0,0,0,1,1,0
EA0A01E2E295E437.1637233628.422477,"2021-11-18 11:07:09",34,2,CALL,,0,0,0,0,0,0,1,1,0
22689ABE649355F0.1637223267.225087,"2021-11-18 08:14:28",28,0,DTMF_ORDER,,1,0,0,0,0,0,0,0,0
6800331A466CD93F.1637221098.246672,"2021-11-18 07:38:20",41,3,CALL,,0,0,0,0,0,0,1,0,0
D582E65CF6599166.1637221020.282306,"2021-11-18 07:37:02",60,4,CALL,,0,0,0,0,0,0,0,0,0
08CC81F78AC97A66.1637179251.16438,"2021-11-17 20:00:52",153,1,FORWARD,USER,0,0,0,0,0,0,0,0,0
E1D4B5A185DEDEA9.1637163419.823805,"2021-11-17 15:37:01",203,20,CALL,,1,0,0,0,0,0,1,1,0
D5BA61D447860AF3.1637161302.802725,"2021-11-17 15:01:44",35,0,DTMF_ORDER,,1,0,0,0,0,0,0,0,0
E682012E44DBF72D.1637158247.912732,"2021-11-17 14:10:48",111,0,FORWARD,NO_NUMBER,0,0,0,0,0,0,0,0,0
002C2DF144CE5EA4.1637157112.661204,"2021-11-17 13:51:53",103,0,FORWARD,BLOCKED,0,0,0,0,0,0,0,0,0
4BD072E077FD67BE.1637157002.955204,"2021-11-17 13:50:03",13,0,FORWARD,BLOCKED,0,0,0,0,0,0,0,0,0
FB363D7F73C52BD7.1637155902.878457,"2021-11-17 13:31:43",29,0,DTMF_ORDER,,1,0,0,0,0,0,0,0,0
D1495F7F2D03CD6D.1637149539.551001,"2021-11-17 11:45:40",11,0,EARLY_ABORT,,0,0,0,0,0,0,1,1,0
63581379302037E6.1637148638.824360,"2021-11-17 11:30:39",103,8,CALL,,1,0,0,0,0,0,1,1,1
AA7E63E4FC10BE97.1637148510.821887,"2021-11-17 11:28:31",33,0,FORWARD,BLOCKED,0,0,0,0,0,0,0,0,0
9F058AE65037C926.1637148446.762652,"2021-11-17 11:27:27",44,0,FORWARD,BLOCKED,0,0,0,0,0,0,1,1,0
35C965395131E19D.1637146200.444868,"2021-11-17 10:50:01",25,1,CALL,,0,0,0,0,0,0,0,0,0
55A96803C3C6561A.1637144757.569924,"2021-11-17 10:25:58",53,4,CALL,,0,0,0,0,0,0,1,1,0
126456CA403CF836.1637140211.354858,"2021-11-17 09:10:12",222,0,FORWARD,NO_NUMBER,0,0,0,0,0,0,0,0,0
6300A92A6ABBEA11.1637140039.585461,"2021-11-17 09:07:21",43,0,FORWARD,NO_NUMBER,0,0,0,0,0,0,0,0,0
A5FCB8DAF6910FBE.1637135838.568486,"2021-11-17 07:57:19",27,0,DTMF_ORDER,,1,0,0,0,0,0,0,0,0
EB276DB81CC30EAC.1637128091.302039,"2021-11-17 05:48:12",28,0,DTMF_ORDER,,1,0,0,0,0,0,0,0,0
AA0CA4B708EEFC6E.1637075508.128250,"2021-11-16 15:11:49",72,6,CALL,,1,0,0,0,0,0,0,0,0
8B998C57BEE98340.1637075457.212526,"2021-11-16 15:10:57",32,0,DTMF_ORDER,,1,0,0,0,0,0,0,0,0
3204304482EF58CB.1637069780.4750957,"2021-11-16 13:36:21",29,0,DTMF_ORDER,,1,0,0,0,0,0,0,0,0
44723263AD4A9C64.1637069671.4748994,"2021-11-16 13:34:33",86,6,CALL,,0,0,0,0,0,0,1,1,0
2B56FB17DF2D28D9.1637069633.219397,"2021-11-16 13:33:54",27,0,EARLY_ABORT,,0,0,0,0,0,0,0,0,0
245284AD59ED7155.1637068799.22438,"2021-11-16 13:19:59",128,4,FORWARD,USER,0,0,0,0,0,0,0,0,0
C8743E4123FB5E31.1637068579.4726918,"2021-11-16 13:16:20",98,7,CALL,,1,0,0,0,0,0,0,0,0
C4D64CCBB6C77DE3.1637064179.64656,"2021-11-16 12:03:00",28,0,DTMF_ORDER,,1,0,0,0,0,0,0,0,0
CBB05A95C14E1BBF.1637063406.4872833,"2021-11-16 11:50:07",9,0,EARLY_ABORT,,0,0,0,0,0,0,0,0,0
F96C72AFC80C269D.1637063392.7563,"2021-11-16 11:49:53",10,0,EARLY_ABORT,,0,0,0,0,0,0,0,0,0
1181F2126E485A39.1637060359.4390895,"2021-11-16 10:59:20",110,9,CALL,,1,0,0,0,0,0,1,1,1
6C42B33EAFAD10B0.1637060244.4773820,"2021-11-16 10:57:25",79,5,CALL,,0,0,0,0,0,0,1,1,0
E9D7651ACE651080.1637060136.4770078,"2021-11-16 10:55:37",74,6,CALL,,0,0,0,0,0,0,0,0,0
6A6AE8AA1CED9D44.1637059758.4371281,"2021-11-16 10:49:19",39,2,CALL,,0,0,0,0,0,0,0,0,0
3F6161C85C72A33C.1637059695.4369144,"2021-11-16 10:48:16",28,0,DTMF_ORDER,,1,0,0,0,0,0,0,0,0
574246836882A3C1.1637059536.4363922,"2021-11-16 10:45:37",97,9,CALL,,1,0,0,0,0,0,1,1,0
7A0EFAA626770267.1637056808.4673344,"2021-11-16 10:00:09",29,0,DTMF_ORDER,,1,0,0,0,0,0,0,0,0
BB267E7D91E3A05E.1637055426.4640738,"2021-11-16 09:37:07",10,0,EARLY_ABORT,,0,0,0,0,0,0,1,1,0
20443AAEFECA5E12.1637054322.4618932,"2021-11-16 09:18:43",30,0,DTMF_ORDER,,1,0,0,0,0,0,0,0,0
BB6DF9E77F6D7B83.1637053622.5250231,"2021-11-16 09:07:03",43,2,CALL,,0,0,0,0,0,0,0,0,0
C5958126C5BCA0E4.1637053541.5248742,"2021-11-16 09:05:50",29,0,DTMF_ORDER,,1,0,0,0,0,0,1,1,0
34816525E0310961.1637053521.4605353,"2021-11-16 09:05:22",28,0,DTMF_ORDER,,1,0,0,0,0,0,0,0,0
634A85981DC3F863.1637053409.4219209,"2021-11-16 09:03:30",19,0,FORWARD,BLOCKED,0,0,0,0,0,0,0,0,0
CE63E64CC1E04171.1637053089.4213926,"2021-11-16 08:58:10",287,0,FORWARD,BLOCKED,0,0,0,0,0,0,1,1,1
D1F8411429AD932C.1637052512.4345006,"2021-11-16 08:48:33",1,0,FORWARD,NO_NUMBER,0,0,0,0,0,0,0,0,0
0A32740E765750B9.1637052247.5226971,"2021-11-16 08:44:08",133,0,FORWARD,NO_NUMBER,0,0,0,0,0,0,0,0,0
3E08BA51D8DFFD43.1637052139.4617574,"2021-11-16 08:42:20",73,0,FORWARD,NO_NUMBER,0,0,0,0,0,0,0,0,0
B5654E6645E31760.1637041425.4649394,"2021-11-16 05:43:47",28,0,DTMF_ORDER,,1,0,0,0,0,0,0,0,0
3F0E46753CF3CD67.1636979603.3684454,"2021-11-15 12:33:24",25,0,DTMF_ORDER,,1,0,0,0,0,0,0,0,0
67102E256D05EAD4.1636975655.4164306,"2021-11-15 11:27:36",98,9,CALL,,0,0,0,0,0,0,1,1,0
870771B006B74D5B.1636972483.4584893,"2021-11-15 10:34:44",10,0,EARLY_ABORT,,0,0,0,0,0,0,0,0,0
702BF8F99E9DF1A2.1636972308.3558155,"2021-11-15 10:31:49",30,0,DTMF_ORDER,,1,0,0,0,0,0,0,0,0
BC2DD241E44A1210.1636969232.4052900,"2021-11-15 09:40:33",51,0,FORWARD,BLOCKED,0,0,0,0,0,0,1,1,1
58FFF2F52FF3EB8F.1636968120.3622628,"2021-11-15 09:22:01",91,8,CALL,,1,0,0,0,0,0,1,1,0
73BE894F2F4C8B42.1636966978.3603595,"2021-11-15 09:02:59",15,0,FORWARD,NO_NUMBER,0,0,0,0,0,0,0,0,0
B1DEE5E48892958A.1636962478.3946912,"2021-11-15 07:47:59",20,0,EARLY_ABORT,,0,0,0,0,0,0,0,0,0
5B51D091C0004455.1636962294.3944974,"2021-11-15 07:44:55",29,0,DTMF_ORDER,,1,0,0,0,0,0,0,0,0
E7534A86B614FB9A.1636954965.3484984,"2021-11-15 05:42:47",27,0,DTMF_ORDER,,1,0,0,0,0,0,1,0,0
E3030F673D0A478F.1636911775.3302691,"2021-11-14 17:42:56",70,4,CALL,,0,0,0,0,0,0,1,1,1
FC94380AA431650B.1636891594.4054615,"2021-11-14 12:06:35",44,3,CALL,,0,0,0,0,0,0,0,0,0
CC9E2EA30FEE0C1F.1636851875.3885131,"2021-11-14 01:04:37",188,7,FORWARD,FALLBACK,0,0,0,0,0,0,0,0,0
E93D8761DE8F7658.1636843536.3852323,"2021-11-13 22:45:37",34,1,CALL,,0,0,0,0,0,0,0,0,0
14D874EB70FAAEEE.1636817623.3214872,"2021-11-13 15:33:44",11,0,EARLY_ABORT,,0,0,0,0,0,0,0,0,0
B65CC74584B942BC.1636807209.3609941,"2021-11-13 12:40:10",85,7,CALL,,1,0,0,0,0,0,0,0,0
B8C68748F06B28DF.1636807141.2583101,"2021-11-13 12:39:02",21,0,EARLY_ABORT,,0,0,0,0,0,0,0,0,0
63F0F95D4B47F34E.1636803882.3105028,"2021-11-13 11:44:43",116,8,CALL,,1,0,0,0,0,0,1,1,1
E945F133FD7C1E8B.1636801911.2924936,"2021-11-13 11:11:51",26,0,EARLY_ABORT,,0,0,0,0,0,0,1,1,1
870FA9E110C96F41.1636793346.2599254,"2021-11-13 08:49:07",25,0,EARLY_ABORT,,0,0,0,0,0,0,0,0,0
71E070190F5C8CA7.1636792529.2451388,"2021-11-13 08:35:30",45,2,CALL,,0,0,0,0,0,0,0,0,0
9CEBB238B662E320.1636792440.2450618,"2021-11-13 08:34:00",33,1,CALL,,0,0,0,0,0,0,0,0,0
6FA5291C06F05790.1636775310.2518704,"2021-11-13 03:48:31",89,4,FORWARD,FALLBACK,0,0,0,0,0,0,0,0,0
83533150CDE88F2D.1636775239.2796724,"2021-11-13 03:47:20",43,3,CALL,,0,0,0,0,0,0,0,0,0
F9BA126753036B62.1636764634.2899714,"2021-11-13 00:50:35",64,0,FORWARD,BLOCKED,0,0,0,0,0,0,0,0,1
D918E27F18C19522.1636764621.3378863,"2021-11-13 00:50:23",1,0,FORWARD,BLOCKED,0,0,0,0,0,0,0,0,0
C2F8DF6B2534F783.1636764173.2898007,"2021-11-13 00:42:54",9,0,EARLY_ABORT,,0,0,0,0,0,0,1,1,0
779485E7235125EF.1636726458.2229336,"2021-11-12 14:14:19",26,0,DTMF_ORDER,,1,0,0,0,0,0,0,0,0
64180FD329CFC728.1636719506.3037041,"2021-11-12 12:18:27",84,7,CALL,,1,0,0,0,0,0,1,1,0
C43D076D77A02612.1636707464.2380681,"2021-11-12 08:57:45",179,15,CALL,,1,0,0,0,0,0,0,0,0
6102CC45CBD1422E.1636702936.2192220,"2021-11-12 07:42:17",27,0,DTMF_ORDER,,1,0,0,0,0,0,0,0,0
7A918D46B7508E26.1636701439.1894675,"2021-11-12 07:17:20",28,0,DTMF_ORDER,,1,0,0,0,0,0,0,0,0
BD29288726263F5C.1636659530.2632285,"2021-11-11 19:38:54",21,0,EARLY_ABORT,,0,0,0,0,0,0,0,0,0
D6E6A95EB6CA6BD5.1636659489.2150136,"2021-11-11 19:38:14",28,0,EARLY_ABORT,,0,0,0,0,0,0,1,1,1
7D33CC4FF6A72E32.1636659379.2631303,"2021-11-11 19:36:20",102,6,CALL,,1,0,0,0,0,0,1,1,1
4D047C79F6BC530C.1636659264.2015624,"2021-11-11 19:34:25",102,6,CALL,,0,0,0,0,0,0,1,1,1
8263C26D42EFB21A.1636659205.2015197,"2021-11-11 19:33:26",42,1,CALL,,0,0,0,0,0,0,0,0,0
298C388DF604F02F.1636659137.1729349,"2021-11-11 19:32:18",26,0,EARLY_ABORT,,0,0,0,0,0,0,0,0,0
57754B973A764387.1636651199.1934647,"2021-11-11 17:20:01",5,0,FORWARD,BLOCKED,0,0,0,0,0,0,0,0,0
C98C3A91CBB07CF1.1636651158.2091599,"2021-11-11 17:19:20",10,0,FORWARD,BLOCKED,0,0,0,0,0,0,1,1,0
B5EB8D32DE15AF34.1636646582.2053710,"2021-11-11 16:03:13",66,4,FORWARD,FALLBACK,0,0,0,0,0,0,0,0,0
D89C7D56AF24A6B8.1636646553.1500460,"2021-11-11 16:02:34",26,0,EARLY_ABORT,,0,0,0,0,0,0,0,0,0
3D952456D7D643D6.1636646510.1500069,"2021-11-11 16:01:51",8,0,EARLY_ABORT,,0,0,0,0,0,0,0,0,0
72CAF9E4AA3F0D69.1636645709.1888507,"2021-11-11 15:48:30",79,6,CALL,,1,0,0,0,0,0,1,1,0
FDD5632D787306E9.1636645670.1627522,"2021-11-11 15:47:50",96,7,CALL,,1,0,0,0,0,0,1,0,1
17893DB7E956B017.1636645492.2525630,"2021-11-11 15:44:54",73,6,CALL,,1,0,0,0,0,0,1,1,0
48B065071B0E2A66.1636642977.1599142,"2021-11-11 15:02:57",4,0,EARLY_ABORT,,0,0,0,0,0,0,0,0,0
9F7677800941B6D0.1636640511.1433781,"2021-11-11 14:21:52",30,2,CALL,,0,0,0,0,0,0,0,0,0
CE3A4DCB31D256D1.1636635828.1768307,"2021-11-11 13:03:49",29,0,DTMF_ORDER,,1,0,0,0,0,0,0,0,0
D259DC7678416229.1636634511.1898569,"2021-11-11 12:41:53",4,0,EARLY_ABORT,,0,0,0,0,0,0,0,0,0
086900968028E676.1636631907.1706451,"2021-11-11 11:58:28",25,0,DTMF_ORDER,,1,0,0,0,0,0,0,0,0
8090452CB0FBD1A7.1636631860.1705703,"2021-11-11 11:57:41",24,1,DTMF_ORDER,,1,0,0,0,0,0,0,0,0
A7143D177CCCF36E.1636631831.1856178,"2021-11-11 11:57:12",17,0,EARLY_ABORT,,0,0,0,0,0,0,1,0,1
D3D839D8C62B1187.1636628509.1805753,"2021-11-11 11:01:49",30,0,DTMF_ORDER,,1,0,0,0,0,0,0,0,0
DFE74EBA431E20FA.1636625602.1352594,"2021-11-11 10:13:24",115,8,CALL,,1,0,0,0,0,0,0,0,0
B68B5CAE6B64CE43.1636625550.1611268,"2021-11-11 10:12:31",34,2,CALL,,0,0,0,0,0,0,0,0,0
1F569D5874A64B04.1636625473.1350707,"2021-11-11 10:11:14",58,4,CALL,,0,0,0,0,0,0,1,1,0
5E468E10FF7361BF.1636625327.1608025,"2021-11-11 10:08:48",26,0,EARLY_ABORT,,0,0,0,0,0,0,0,0,0
C4E7EBDA75CADC0D.1636625212.1212790,"2021-11-11 10:06:53",6,0,EARLY_ABORT,,0,0,0,0,0,0,0,0,0
9FB4A8FA8FD449F7.1636625082.1604626,"2021-11-11 10:04:43",29,1,CALL,,0,0,0,0,0,0,0,0,0
900C7F73C61B77B3.1636624228.1617697,"2021-11-11 09:50:29",104,9,CALL,,1,0,0,0,0,0,1,1,0
21C576E0BA0A7408.1636622645.1173987,"2021-11-11 09:24:06",108,10,CALL,,1,0,0,0,0,0,1,1,0
733E917A88BA111B.1636620920.1280036,"2021-11-11 08:55:21",86,7,CALL,,1,0,0,0,0,0,1,1,1
91F3069B32F7899F.1636617279.1103583,"2021-11-11 07:54:40",147,6,FORWARD,FALLBACK,0,0,0,0,0,0,0,0,0
4DB958FF0019E750.1636616673.1229602,"2021-11-11 07:44:34",28,0,DTMF_ORDER,,1,0,0,0,0,0,0,0,0
5736F2EE2A239067.1636616618.2111147,"2021-11-11 07:43:39",12,0,EARLY_ABORT,,0,0,0,0,0,0,0,0,0
A50F314D075891FC.1636566739.1879350,"2021-11-10 17:52:20",65,3,CALL,,0,0,0,0,0,0,1,0,0
AEE1BC5EA23F99EF.1636559448.799418,"2021-11-10 15:50:49",38,2,CALL,,0,0,0,0,0,0,1,1,0
F110A8BF19A0FDE6.1636555294.1285582,"2021-11-10 14:41:35",39,3,CALL,,0,0,0,0,0,0,1,1,0
DFA0A45796D1E5B7.1636550410.1215798,"2021-11-10 13:20:11",8,0,EARLY_ABORT,,0,0,0,0,0,0,0,0,0
DB80D1626DF76209.1636550218.821733,"2021-11-10 13:16:59",33,1,CALL,,0,0,0,0,0,0,1,1,1
BB87265BB330A30E.1636545053.995384,"2021-11-10 11:50:54",27,0,EARLY_ABORT,,0,0,0,0,0,0,0,1,0
B20EF715795B57E7.1636544845.607449,"2021-11-10 11:47:26",29,0,EARLY_ABORT,,0,0,0,0,0,0,1,1,1
B251603E68BDA1CA.1636542081.951955,"2021-11-10 11:01:22",38,3,CALL,,0,0,0,0,0,0,1,0,0
BFCA8F12A13B7E74.1636536259.855512,"2021-11-10 09:24:20",27,0,EARLY_ABORT,,0,0,0,0,0,0,1,1,1
29C8AFF8285F6D9B.1636531759.909027,"2021-11-10 08:09:20",13,0,EARLY_ABORT,,0,0,0,0,0,0,0,0,0
0E35D4305F1F4554.1636531716.908603,"2021-11-10 08:08:38",32,0,DTMF_ORDER,,1,0,0,0,0,0,0,0,0
45DC3D38204BE4AB.1636528051.367697,"2021-11-10 07:07:32",15,0,EARLY_ABORT,,0,0,0,0,0,0,0,0,0
066ABA61353E6C0C.1636527756.365068,"2021-11-10 07:02:37",46,3,CALL,,0,0,0,0,0,0,1,1,0
B612713918FD36BE.1636527681.869958,"2021-11-10 07:01:22",37,0,DTMF_ORDER,,1,0,0,0,0,0,1,1,1
4A8E301904CF95C7.1636524939.348416,"2021-11-10 06:15:40",32,2,CALL,,0,0,0,0,0,0,0,0,0
42F409422A36EE4C.1636524854.347977,"2021-11-10 06:14:15",11,0,EARLY_ABORT,,0,0,0,0,0,0,0,0,0
C5E2A743DC810460.1636518404.832850,"2021-11-10 04:26:45",78,6,CALL,,1,0,0,0,0,0,1,0,1
03F6E5BCEB285F3B.1636473541.607581,"2021-11-09 15:59:02",49,4,CALL,,0,0,0,0,0,0,1,1,0
263469FD61AE89CF.1636471889.1076098,"2021-11-09 15:31:30",20,0,EARLY_ABORT,,0,0,0,0,0,0,0,0,0
6E14566E74B6D73E.1636470141.67173,"2021-11-09 15:02:22",21,0,EARLY_ABORT,,0,0,0,0,0,0,0,0,0
4145B5A3D28F66FC.1636469498.442211,"2021-11-09 14:51:40",115,0,FORWARD,BLOCKED,0,0,0,0,0,0,0,0,0
758D704D0D1A10DF.1636464992.388286,"2021-11-09 13:36:33",28,0,DTMF_ORDER,,1,0,0,0,0,0,0,0,0
83A46ACC59EC6865.1636461509.451238,"2021-11-09 12:38:30",8,0,EARLY_ABORT,,0,0,0,0,0,0,1,1,0
F5F8DD926D5CA4B7.1636460210.407631,"2021-11-09 12:16:51",69,0,FORWARD,BLOCKED,0,0,0,0,0,0,0,0,0
4B400506B6C90092.1636455404.257119,"2021-11-09 10:56:46",11,0,EARLY_ABORT,,0,0,0,0,0,0,0,0,0
58E8C76F6F7F2D3F.1636455180.235990,"2021-11-09 10:53:01",28,0,DTMF_ORDER,,1,0,0,0,0,0,0,0,0
4B4256DB14AA46D4.1636455078.234069,"2021-11-09 10:51:19",24,0,DTMF_ORDER,,1,0,0,0,0,0,0,0,0
0FFD76A6A1F72845.1636451390.143202,"2021-11-09 09:49:51",33,0,DTMF_ORDER,,1,0,0,0,0,0,0,0,0
FBF84EFF4FA8005F.1636450473.8349516,"2021-11-09 09:34:34",54,0,FORWARD,NO_NUMBER,0,0,0,0,0,0,0,0,0
824A4D03D4C9A6FF.1636450056.122264,"2021-11-09 09:27:37",5,0,EARLY_ABORT,,0,0,0,0,0,0,0,0,0
AC7C52E5632E07CA.1636449945.8341857,"2021-11-09 09:25:46",31,0,EARLY_ABORT,,0,0,0,0,0,0,0,0,0
B9FEACF290D10D5A.1636449598.7295469,"2021-11-09 09:20:00",11,0,EARLY_ABORT,,0,0,0,0,0,0,1,0,0
BEA36931A2529B26.1636449219.7289340,"2021-11-09 09:13:40",3,0,EARLY_ABORT,,0,0,0,0,0,0,1,1,1
56C6346FD1A4EA0D.1636448970.139422,"2021-11-09 09:09:31",6,0,EARLY_ABORT,,0,0,0,0,0,0,0,0,0
07F8C70E54F87F79.1636448889.7284708,"2021-11-09 09:08:10",47,3,CALL,,0,0,0,0,0,0,1,1,0
F07C0CFE94D8F979.1636448272.612700,"2021-11-09 08:57:53",54,0,FORWARD,BLOCKED,0,0,0,0,0,0,0,0,0
B8F104128B2AD7F0.1636443854.8261445,"2021-11-09 07:44:15",38,0,FORWARD,NO_NUMBER,0,0,0,0,0,0,0,0,0
E9C64703072A076B.1636406239.6829194,"2021-11-08 21:17:21",16,0,EARLY_ABORT,,0,0,0,0,0,0,0,0,0
AD190A45CDA94D17.1636390095.290205,"2021-11-08 16:48:16",7,0,EARLY_ABORT,,0,0,0,0,0,0,0,1,1
306CC111332E202F.1636389518.6717915,"2021-11-08 16:38:39",17,0,EARLY_ABORT,,0,0,0,0,0,0,0,0,0
8E5C3C32D3EBF317.1636370620.29201,"2021-11-08 11:23:42",10,0,EARLY_ABORT,,0,0,0,0,0,0,1,1,1
0EDC0941B453AE71.1636304886.7338636,"2021-11-07 17:08:07",11,0,EARLY_ABORT,,0,0,0,0,0,0,0,0,0
8A18E2227753A715.1636201592.8745865,"2021-11-06 12:26:33",17,0,EARLY_ABORT,,0,0,0,0,0,0,0,0,0
14F06E2B099450B7.1636186345.5320085,"2021-11-06 08:12:26",6,0,EARLY_ABORT,,0,0,0,0,0,0,0,0,0
113E0CE10C24FBC7.1636186297.8621197,"2021-11-06 08:11:38",4,0,EARLY_ABORT,,0,0,0,0,0,0,0,0,0
C4D50185E9550926.1636146233.5172283,"2021-11-05 21:03:55",13,0,EARLY_ABORT,,0,0,0,0,0,0,0,0,0
42AD49D7594F6F14.1636134725.8399254,"2021-11-05 17:52:06",58,0,FORWARD,NO_NUMBER,0,0,0,0,0,0,0,0,0
B5354B085923D09D.1636128469.5378940,"2021-11-05 16:07:51",5,0,EARLY_ABORT,,0,0,0,0,0,0,0,0,0
FCD46A73475142D8.1636128425.5505604,"2021-11-05 16:07:06",4,0,EARLY_ABORT,,0,0,0,0,0,0,1,0,0
E35B04A2875CCF43.1636123984.5047197,"2021-11-05 14:53:05",75,6,CALL,,1,0,0,0,0,0,0,0,0
751E56A36ADE7546.1636118322.6360463,"2021-11-05 13:18:43",71,6,CALL,,0,0,0,0,0,0,1,1,1
18ED39F0B1FDF42B.1636118262.5407493,"2021-11-05 13:17:42",54,4,CALL,,0,0,0,0,0,0,0,0,0
D811E6DFBA25CFFF.1636118250.4981263,"2021-11-05 13:17:31",6,0,EARLY_ABORT,,0,0,0,0,0,0,0,0,0
851CDD91109235F0.1636115830.4926631,"2021-11-05 12:37:11",52,4,CALL,,0,0,0,0,0,0,0,0,0
09895B80CEE1FA17.1636114466.4930759,"2021-11-05 12:14:27",31,0,DTMF_ORDER,,1,0,0,0,0,0,0,0,0
008290AB3DE021D9.1636113694.8243223,"2021-11-05 12:01:35",5,0,EARLY_ABORT,,0,0,0,0,0,0,0,0,0
A25B7587587201C9.1636113028.4909210,"2021-11-05 11:50:29",1,0,EARLY_ABORT,,0,0,0,0,0,0,1,1,1
51C12301C9284B7C.1636112846.8230007,"2021-11-05 11:47:27",2,0,EARLY_ABORT,,0,0,0,0,0,0,0,0,0
57FA2E3842034F6F.1636110696.5299501,"2021-11-05 11:11:37",6,0,EARLY_ABORT,,0,0,0,0,0,0,0,0,0
70FDB198E1670F2D.1636110550.4894445,"2021-11-05 11:09:11",26,0,EARLY_ABORT,,0,0,0,0,0,0,0,0,0
69F7DFC2C4A49D1B.1636110369.5294997,"2021-11-05 11:06:11",5,0,EARLY_ABORT,,0,0,0,0,0,0,0,0,0
D41A038A9F0EB482.1636105281.4820530,"2021-11-05 09:41:22",20,0,DIRECT_ORDER,,1,0,0,0,0,0,1,1,1
E62D79726BF9CE65.1636102769.5129930,"2021-11-05 08:59:31",22,0,EARLY_ABORT,,0,0,0,0,0,0,0,0,0
8336818D308DEF79.1636102724.4761347,"2021-11-05 08:58:45",10,0,EARLY_ABORT,,0,0,0,0,0,0,0,0,0
62CB6598683B5671.1636102542.5126864,"2021-11-05 08:55:43",10,0,EARLY_ABORT,,0,0,0,0,0,0,0,0,0
449422C3F76BA1D2.1636100725.8060856,"2021-11-05 08:25:26",16,0,EARLY_ABORT,,0,0,0,0,0,0,0,0,0
00837BD4E718C4D0.1636097066.5063482,"2021-11-05 07:24:27",9,0,EARLY_ABORT,,0,0,0,0,0,0,0,0,0
8E3702E7B1205D8F.1636093756.5041004,"2021-11-05 06:29:17",18,0,EARLY_ABORT,,0,0,0,0,0,0,0,0,0
0D7D719274B0E477.1636049644.4865250,"2021-11-04 18:14:05",17,0,EARLY_ABORT,,0,0,0,0,0,0,0,0,0
F835295AB2330A46.1636045286.5835796,"2021-11-04 17:01:26",10,0,EARLY_ABORT,,0,0,0,0,0,0,1,1,0
3D59F56E11DCC619.1636041487.4462796,"2021-11-04 15:58:08",6,0,FORWARD,NO_NUMBER,0,0,0,0,0,0,0,0,0
75D241F7B2AD0000.1636037682.5758643,"2021-11-04 14:54:43",30,0,DTMF_ORDER,,0,0,0,0,0,0,0,0,0
5CD7B594A97EB9EE.1636037600.7710696,"2021-11-04 14:53:21",5,0,EARLY_ABORT,,0,0,0,0,0,0,0,0,0
2786D14A9E99DD9B.1636037454.5756080,"2021-11-04 14:50:55",5,0,EARLY_ABORT,,0,0,0,0,0,0,0,0,0
6C3E0B6AFF9184DF.1636037287.7707128,"2021-11-04 14:48:09",13,0,EARLY_ABORT,,0,0,0,0,0,0,0,0,0
245F7D3F1CE4537A.1636031033.4679224,"2021-11-04 13:03:54",41,2,CALL,,0,0,0,0,0,0,1,1,0
B89C98FC299F3BB1.1636028947.4758151,"2021-11-04 12:29:08",10,0,FORWARD,NO_NUMBER,0,0,0,0,0,0,1,1,1
30301B311681B3E0.1636028092.5648598,"2021-11-04 12:14:54",25,0,CALL,,0,0,0,0,0,0,0,0,0
DE574A07139DFD0C.1636018111.4184579,"2021-11-04 09:28:32",81,7,CALL,,0,0,0,0,0,0,1,1,1
A056B59F4B5172B6.1635938161.4963175,"2021-11-03 11:16:03",3,0,EARLY_ABORT,,0,0,0,0,0,0,0,0,0
929B2E12EB863F49.1635935674.4925612,"2021-11-03 10:34:34",3,0,EARLY_ABORT,,0,0,0,0,0,0,1,1,0
D690EC51215E64CD.1635932935.3878369,"2021-11-03 09:48:56",46,1,CALL,,0,0,0,0,0,0,1,0,0
968753BB5EF87C7D.1635932887.3984239,"2021-11-03 09:48:08",3,0,EARLY_ABORT,,0,0,0,0,0,0,1,1,1
90B90B8C06DC0D26.1635932842.6837167,"2021-11-03 09:47:22",9,0,EARLY_ABORT,,0,0,0,0,0,0,0,0,0
10D85142BCA2D1B9.1635928885.3822840,"2021-11-03 08:41:25",8,0,EARLY_ABORT,,0,0,0,0,0,0,0,0,0
907C49179DCF6107.1635926894.3906451,"2021-11-03 08:08:15",25,0,EARLY_ABORT,,0,0,0,0,0,0,0,0,0
D05904AD78DA0C55.1635878793.3230729,"2021-11-02 18:46:34",11,0,EARLY_ABORT,,0,0,0,0,0,0,0,0,0
547A615490703ED5.1635852424.4306186,"2021-11-02 11:27:05",5,0,EARLY_ABORT,,0,0,0,0,0,0,0,0,0
724EFF80582A9C94.1635847264.3226520,"2021-11-02 10:01:05",62,4,CALL,,0,0,0,0,0,0,1,1,0
F8EDE14BD039828D.1635846027.3312454,"2021-11-02 09:40:28",25,0,DTMF_ORDER,,0,0,0,0,0,0,0,0,0
4292AEE65FAEA112.1635845911.6173138,"2021-11-02 09:38:32",27,1,CALL,,0,0,0,0,0,0,1,0,0
7EC004B8D1DA8A5C.1635845875.4217551,"2021-11-02 09:37:56",76,3,CALL,,0,0,0,0,0,0,1,1,1
EB9285C04B93C385.1635845831.2872918,"2021-11-02 09:37:11",25,0,EARLY_ABORT,,0,0,0,0,0,0,1,1,0
277DF3AF77F131C3.1635845422.4211798,"2021-11-02 09:30:23",24,0,CALL,,0,0,0,0,0,0,0,0,0
880EA6384603044D.1635843371.6138081,"2021-11-02 08:56:12",48,1,CALL,,0,0,0,0,0,0,0,0,0
BEF388608BB3B9F1.1635837671.2775519,"2021-11-02 07:21:12",80,5,CALL,,0,0,0,0,0,0,1,1,1
C4552BBE3B4286B8.1635735158.2089296,"2021-11-01 02:52:40",4,0,EARLY_ABORT,,0,0,0,0,0,0,0,0,0
7EF5976DFDFF37CC.1635731597.5382886,"2021-11-01 01:53:19",3,0,EARLY_ABORT,,0,0,0,0,0,0,0,0,0
401C8BAD8D210D3B.1635731503.5382610,"2021-11-01 01:51:45",4,0,EARLY_ABORT,,0,0,0,0,0,0,0,0,0
504A18A415BAE693.1635720829.2040223,"2021-10-31 22:53:50",71,5,CALL,,0,0,0,0,0,0,0,0,0
B9BD6164E5E5E178.1635716166.2014119,"2021-10-31 21:36:07",5,0,EARLY_ABORT,,0,0,0,0,0,0,1,1,0
43C1BE61C3DAFCFD.1635713060.5295323,"2021-10-31 20:44:21",1,0,EARLY_ABORT,,0,0,0,0,0,0,0,0,0
829645A3261EA36A.1635678808.2190996,"2021-10-31 11:13:29",4,0,EARLY_ABORT,,0,0,0,0,0,0,0,0,0
1E3E7F9026201C5B.1635634516.1572578,"2021-10-30 22:55:18",6,0,EARLY_ABORT,,0,0,0,0,0,0,0,0,0
A20811C904B6A357.1635607285.1410687,"2021-10-30 15:21:26",36,1,CALL,,0,0,0,0,0,0,0,0,0
30C86CE89B644068.1635524738.936317,"2021-10-29 16:25:39",5,0,EARLY_ABORT,,0,0,0,0,0,0,0,0,0
6551BF0FB3CAE7CF.1635524599.4231303,"2021-10-29 16:23:20",5,0,EARLY_ABORT,,0,0,0,0,0,0,0,0,0
65254EABDEAE16FB.1635522080.916104,"2021-10-29 15:41:21",4,0,EARLY_ABORT,,0,0,0,0,0,0,0,0,0
03F4A714FF8FE60C.1635521980.1346161,"2021-10-29 15:39:41",5,0,EARLY_ABORT,,0,0,0,0,0,0,0,0,0
552609205344F08D.1635511169.1237457,"2021-10-29 12:39:29",28,0,DTMF_ORDER,,0,0,0,0,0,0,0,0,0
B1098FD7F04B3B7F.1635504347.724656,"2021-10-29 10:45:48",85,6,CALL,,1,0,0,0,0,0,1,1,1
92AF638CE329951E.1635500811.697124,"2021-10-29 09:46:52",87,6,CALL,,1,0,0,0,0,0,0,0,0
D8C69D4389BE4AC8.1635500437.1119537,"2021-10-29 09:40:38",9,0,EARLY_ABORT,,0,0,0,0,0,0,0,0,0
3B27B77E2A477A0C.1635500053.676465,"2021-10-29 09:34:14",4,0,EARLY_ABORT,,0,0,0,0,0,0,0,0,0
5DD02052AF654C76.1635497439.1083294,"2021-10-29 08:50:39",49,3,CALL,,0,0,0,0,0,0,0,0,0
9064F018D842A088.1635492702.589277,"2021-10-29 07:31:43",25,0,EARLY_ABORT,,0,0,0,0,0,0,0,0,0
6D4937B986A1BEEC.1635490841.1006475,"2021-10-29 07:00:42",63,3,CALL,,0,0,0,0,0,0,1,1,0
FDBC4F5EED2BF2F4.1635488565.1897298,"2021-10-29 06:22:45",13,0,EARLY_ABORT,,0,0,0,0,0,0,1,1,0
CA45FA34CA3454EB.1635442111.698659,"2021-10-28 17:28:32",5,0,EARLY_ABORT,,0,0,0,0,0,0,1,1,0
8EE09D6084DE386D.1635432102.617217,"2021-10-28 14:41:43",44,2,CALL,,0,0,0,0,0,0,0,0,0
5BAEE01FE07CBC33.1635420210.133426,"2021-10-28 11:23:30",16,0,EARLY_ABORT,,0,0,0,0,0,0,0,0,0
5F45076DAA797E12.1635419344.133514,"2021-10-28 11:09:06",4,0,EARLY_ABORT,,0,0,0,0,0,0,0,0,0
0804B7A8246ACC55.1635403924.3209383,"2021-10-28 06:52:05",10,0,EARLY_ABORT,,0,0,0,0,0,0,0,0,0
3FC28648A9C352A6.1635403489.1241923,"2021-10-28 06:44:49",23,0,CALL,,0,0,0,0,0,0,0,0,0
921D2970B9530F59.1635403441.336126,"2021-10-28 06:44:02",12,0,EARLY_ABORT,,0,0,0,0,0,0,0,0,0
A40353D5873882D9.1635402952.1238086,"2021-10-28 06:35:53",2,0,EARLY_ABORT,,0,0,0,0,0,0,1,1,0
B669C870D3A54926.1635371796.7298114,"2021-10-27 21:56:38",44,1,CALL,,0,0,0,0,0,0,1,0,0
41A97DDA9DEC4B92.1635371653.227842,"2021-10-27 21:54:14",43,1,CALL,,0,0,0,0,0,0,0,0,0
D6BA17511D5BE353.1635371471.138485,"2021-10-27 21:51:12",43,1,CALL,,0,0,0,0,0,0,1,1,1
7BED6E96F79AF81F.1635371353.5832022,"2021-10-27 21:49:14",104,7,CALL,,1,0,0,0,0,0,1,1,1
91E6251436DDA554.1635361144.78798,"2021-10-27 18:59:05",4,0,EARLY_ABORT,,0,0,0,0,0,0,0,0,0
E60291AE59F858EB.1635361116.7236057,"2021-10-27 18:58:36",6,0,EARLY_ABORT,,0,0,0,0,0,0,1,1,0
33FE48A9529B7716.1635354458.2995605,"2021-10-27 17:07:39",4,0,EARLY_ABORT,,0,0,0,0,0,0,0,0,0
B7CE657B56870F41.1635354443.7192295,"2021-10-27 17:07:24",5,0,EARLY_ABORT,,0,0,0,0,0,0,0,0,0
A22DD651C2898525.1635353536.29755,"2021-10-27 16:52:17",12,0,EARLY_ABORT,,0,0,0,0,0,0,0,0,0
FFC6B46DDA7424FC.1635353279.2987472,"2021-10-27 16:48:00",26,0,CALL,,0,0,0,0,0,0,0,0,0
A40312BA127336C5.1635352545.22953,"2021-10-27 16:35:46",55,3,CALL,,0,0,0,0,0,0,0,0,0
2BFF589A6E0FC5C2.1635352518.22754,"2021-10-27 16:35:19",10,0,EARLY_ABORT,,0,0,0,0,0,0,0,0,0
8FB770A23E23C401.1635352066.5713588,"2021-10-27 16:27:47",15,0,EARLY_ABORT,,0,0,0,0,0,0,1,1,0
D33A2FFE232EB73E.1635352035.5713400,"2021-10-27 16:27:16",9,0,EARLY_ABORT,,0,0,0,0,0,0,0,0,0
05C4C8C24FCC1D7C.1635352003.1013572,"2021-10-27 16:26:44",10,0,EARLY_ABORT,,0,0,0,0,0,0,0,0,0
D0B218CB454B43E5.1635350477.2968034,"2021-10-27 16:01:18",107,7,CALL,,1,0,0,0,0,0,0,0,0
9FD7944469A6E323.1635350400.7164260,"2021-10-27 16:00:01",5,0,EARLY_ABORT,,0,0,0,0,0,0,0,0,0
817A0DB626F37955.1635350351.2967056,"2021-10-27 15:59:12",33,0,CALL,,0,0,0,0,0,0,0,0,0
3C03AF1508F974C4.1635349507.5693620,"2021-10-27 15:45:08",25,0,EARLY_ABORT,,0,0,0,0,0,0,0,0,0
C25352C2923319EA.1635347206.2936152,"2021-10-27 15:06:47",3,0,EARLY_ABORT,,0,0,0,0,0,0,0,0,0
C6798B1EA6D4EEEE.1635347020.59245,"2021-10-27 15:03:40",3,0,EARLY_ABORT,,0,0,0,0,0,0,0,0,0
1B607F49CAB59CCD.1635346636.962308,"2021-10-27 14:57:17",2,0,EARLY_ABORT,,0,0,0,0,0,0,0,0,0
E0FF56A19FB30BAB.1635346577.2928213,"2021-10-27 14:56:18",3,0,EARLY_ABORT,,0,0,0,0,0,0,0,0,0
DF3F6C191D2471A3.1635346300.2924635,"2021-10-27 14:51:41",1,0,EARLY_ABORT,,0,0,0,0,0,0,1,1,1
6E94B66995CEDE84.1635346119.955907,"2021-10-27 14:48:39",3,0,EARLY_ABORT,,0,0,0,0,0,0,0,0,0
CD0518154CA58751.1635346023.5655175,"2021-10-27 14:47:04",9,0,EARLY_ABORT,,0,0,0,0,0,0,1,0,0
043DC4E01C0D7076.1635345643.43146,"2021-10-27 14:40:44",5,0,EARLY_ABORT,,0,0,0,0,0,0,0,0,0
464E8D0530AB635E.1635339535.865945,"2021-10-27 12:58:56",19,0,EARLY_ABORT,,0,0,0,0,0,0,0,0,0
7F07A45127D35B69.1635326502.4379255,"2021-10-27 09:21:43",44,2,CALL,,0,0,0,0,0,0,1,0,0
12978778E8254DAB.1634917336.4280989,"2021-10-22 15:42:18",88,0,FORWARD,BLOCKED,0,0,0,0,0,0,0,0,0
C9FBA382AC925BB6.1634917183.254821,"2021-10-22 15:39:44",61,0,FORWARD,BLOCKED,0,0,0,0,0,0,1,0,0
A68C7802764972EB.1634916774.251754,"2021-10-22 15:32:56",61,0,FORWARD,BLOCKED,0,0,0,0,0,0,0,0,0
51523F47AB35992F.1634916721.251253,"2021-10-22 15:32:02",12,0,FORWARD,BLOCKED,0,0,0,0,0,0,0,0,0
DDAF513C8A021EE5.1634903967.116462,"2021-10-22 11:59:28",18,0,EARLY_ABORT,,0,0,0,0,0,0,1,1,1
87DC2719C83F46D6.1634900403.4104706,"2021-10-22 11:00:05",32,0,FORWARD,NO_NUMBER,0,0,0,0,0,0,1,1,0
B9143BDAD2D55F5F.1634895948.25350,"2021-10-22 09:45:49",12,0,FORWARD,NO_NUMBER,0,0,0,0,0,0,0,0,0
061223F8C549DB7B.1634895841.1602049,"2021-10-22 09:44:02",6,0,FORWARD,NO_NUMBER,0,0,0,0,0,0,0,0,0
4F349C435467B0A4.1634751352.646013,"2021-10-20 17:35:54",86,7,CALL,,1,0,0,0,0,0,1,1,0
EF0FEFEEFF872EE9.1634650170.888359,"2021-10-19 13:29:31",39,2,CALL,,0,0,0,0,0,0,0,0,0
B03B759D9D981691.1634650126.2356352,"2021-10-19 13:28:47",42,3,CALL,,0,0,0,0,0,0,0,0,0
6CC735419D516256.1634650070.886845,"2021-10-19 13:27:51",54,3,CALL,,0,0,0,0,0,0,1,1,0
CC19223FEC72A8E0.1634650020.2940334,"2021-10-19 13:27:01",47,3,CALL,,0,0,0,0,0,0,0,0,0
D376F11A5070AA62.1634305214.1124273,"2021-10-15 13:40:15",2,0,EARLY_ABORT,,0,0,0,0,0,0,0,0,0
DB4C1F879023250D.1634302150.224849,"2021-10-15 12:49:11",27,1,CALL,,0,0,0,0,0,0,0,0,0
6FEF93BD44CD23DC.1634133915.3286834,"2021-10-13 14:05:16",32,1,CALL,,0,0,0,0,0,0,1,1,0
266F513D72E39981.1634116435.1919969,"2021-10-13 09:13:56",67,5,CALL,,0,0,0,0,0,0,1,1,0
A59C0B8C83F5D2BB.1633702437.778090,"2021-10-08 14:13:58",96,7,CALL,,1,0,0,0,0,0,0,0,0
A1A16CF5B953FE19.1633699401.68823,"2021-10-08 13:23:22",39,2,CALL,,0,0,0,0,0,0,1,1,0
2DC9C2DE5FB471DE.1633099568.11680033,"2021-10-01 14:46:09",27,1,CALL,,0,0,0,0,0,0,1,1,0
963AFED5B755DDF0.1633080228.11362235,"2021-10-01 09:23:49",22,0,CALL,,0,0,0,0,0,0,0,0,0
1C480A7458348B6F.1633078505.13981988,"2021-10-01 08:55:05",61,4,CALL,,0,0,0,0,0,0,1,1,1
788AD9B1E2085109.1633078390.11534872,"2021-10-01 08:53:11",89,7,CALL,,1,0,0,0,0,0,1,1,1
1A9DA7D6553CCD39.1632816974.9548311,"2021-09-28 08:16:16",47,3,CALL,,0,0,0,0,0,0,1,1,1
CCB16A3286440735.1632734338.5792191,"2021-09-27 09:18:59",84,6,CALL,,1,0,0,0,0,0,0,0,0
16A05301E4A1569E.1632734330.9025428,"2021-09-27 09:18:51",11,0,EARLY_ABORT,,0,0,0,0,0,0,0,0,0
F3C649F36C980AF2.1632733956.11478320,"2021-09-27 09:12:37",83,7,CALL,,1,0,0,0,0,0,1,0,0
885A90A6C435781B.1632733928.5784081,"2021-09-27 09:12:10",7,0,EARLY_ABORT,,0,0,0,0,0,0,0,0,0
43EDF37A630A286D.1632303753.5327921,"2021-09-22 09:42:34",71,6,CALL,,1,0,0,0,0,0,1,1,0
AF097D7DE2963FC2.1632297030.7783258,"2021-09-22 07:50:31",49,3,CALL,,0,0,0,0,0,0,0,0,0
F7F37EC2CEB43DE7.1632296995.5186907,"2021-09-22 07:49:56",33,2,CALL,,0,0,0,0,0,0,0,0,0
060F616C8DE88787.1632296981.7782648,"2021-09-22 07:49:42",2,0,EARLY_ABORT,,0,0,0,0,0,0,0,0,0
BEFED1D0035BEDD9.1632296941.5186238,"2021-09-22 07:49:02",33,2,CALL,,0,0,0,0,0,0,0,0,0
006F884D13CD1379.1632296905.5237071,"2021-09-22 07:48:26",33,2,CALL,,0,0,0,0,0,0,1,1,0
A46E00A504233ED8.1632231453.4820489,"2021-09-21 13:37:34",42,3,CALL,,0,0,0,0,0,0,0,0,0
75C9FFE169F56647.1632224649.1640959,"2021-09-21 11:44:10",32,1,CALL,,0,0,0,0,0,0,1,0,0
AC36A7E77C27AF8F.1632144219.3986450,"2021-09-20 13:23:40",7,0,EARLY_ABORT,,0,0,0,0,0,0,0,0,0
EB6F97F2019F22BD.1631886826.4938950,"2021-09-17 13:53:47",23,0,CALL,,0,0,0,0,0,0,0,0,0
C670E85BD18496C5.1631882336.4887013,"2021-09-17 12:38:57",67,5,CALL,,1,0,0,0,0,0,0,0,0
FB7622E8382CBB0E.1631877990.4828236,"2021-09-17 11:26:31",4,0,EARLY_ABORT,,0,0,0,0,0,0,0,0,1
63FE1E9E22605DB5.1631866491.2218399,"2021-09-17 08:14:52",8,0,EARLY_ABORT,,0,0,0,0,0,0,0,0,0
B3917836D2E12A27.1631779857.1402371,"2021-09-16 08:10:58",31,1,CALL,,0,0,0,0,0,0,1,1,1
AE63E5C7B4D5C76D.1631779752.1278019,"2021-09-16 08:09:13",79,7,CALL,,1,0,0,0,0,0,1,1,1
36C146887CBE47CA.1631776658.3903620,"2021-09-16 07:17:39",33,1,CALL,,0,0,0,0,0,0,0,0,0
17E293C435B0EA6C.1631776498.1233859,"2021-09-16 07:14:59",96,9,CALL,,1,0,0,0,0,0,1,0,1
D71D5C336A80793D.1631722704.1073985,"2021-09-15 16:18:25",63,4,CALL,,1,0,0,0,0,0,0,0,0
A3119CEAE6A9E00C.1631712078.951382,"2021-09-15 13:21:19",35,2,CALL,,0,0,0,0,0,0,1,1,0
206D59C74FD6D363.1631633855.335871,"2021-09-14 15:37:36",12,0,EARLY_ABORT,,0,0,0,0,0,0,0,0,0
039248164D3498A1.1631633775.189932,"2021-09-14 15:36:16",62,6,CALL,,1,0,0,0,0,0,1,1,0
E25E801C89A06948.1631629962.296576,"2021-09-14 14:32:43",38,3,CALL,,0,0,0,0,0,0,0,0,0
FED4C1D27EFA3BE4.1631606460.4092983,"2021-09-14 08:01:01",32,2,CALL,,0,0,0,0,0,0,0,0,0
377EE48970A65636.1631606434.2309245,"2021-09-14 08:00:42",3,0,EARLY_ABORT,,0,0,0,0,0,0,0,0,0
060A4EAFC98C241F.1631606409.4091833,"2021-09-14 08:00:10",21,0,EARLY_ABORT,,0,0,0,0,0,0,0,0,1
829165C33E60F8C9.1631606254.4089036,"2021-09-14 07:57:35",65,5,CALL,,1,0,0,0,0,0,1,1,0
E18DBAF7FE3A640F.1631606126.3956975,"2021-09-14 07:55:27",17,0,EARLY_ABORT,,0,0,0,0,0,0,1,1,0
1A6A0974B9F90973.1631605960.4083624,"2021-09-14 07:52:41",61,5,CALL,,1,0,0,0,0,0,1,1,0
A90F7709B8CBE4A4.1631525285.1656317,"2021-09-13 09:28:05",36,2,CALL,,0,0,0,0,0,0,0,0,0
248CFAAFFCFF0A37.1631525260.3310973,"2021-09-13 09:27:42",19,0,EARLY_ABORT,,0,0,0,0,0,0,0,0,0
1F1A8A4B86D00339.1631103515.440515,"2021-09-08 12:18:36",95,9,CALL,,1,0,0,0,0,0,1,1,1
35F839189BFB7191.1631103409.372363,"2021-09-08 12:16:50",51,4,CALL,,0,0,0,0,0,0,0,0,1
296D657FD20CA70A.1631102590.428345,"2021-09-08 12:03:10",41,1,CALL,,0,0,0,0,0,0,1,1,0
B4ED3642A918BF7E.1631102313.424366,"2021-09-08 11:58:34",32,2,CALL,,0,0,0,0,0,0,1,0,1
C19D1D22078F1556.1631101655.476316,"2021-09-08 11:47:36",64,4,CALL,,1,0,0,0,0,0,0,0,0
617FC0DD942185F2.1631101361.887812,"2021-09-08 11:42:42",73,5,CALL,,1,0,0,0,0,0,1,1,1
24FFB4DA6DDB3372.1631100540.874072,"2021-09-08 11:29:01",107,7,CALL,,1,0,0,0,0,0,1,1,1
4791D2CD7AC923ED.1630489793.4145737,"2021-09-01 09:49:54",92,8,FORWARD,USER,0,0,0,0,0,0,1,1,0
2F26C5A169E2C39F.1630489610.3669678,"2021-09-01 09:46:51",61,4,CALL,,0,0,0,0,0,0,1,1,0
2E944F0469991DC6.1630489459.3675206,"2021-09-01 09:44:20",51,3,FORWARD,FALLBACK,0,0,0,0,0,0,0,0,0
BE95E3B4EE56F592.1630489229.3671571,"2021-09-01 09:40:29",74,5,CALL,,0,0,0,0,0,0,0,0,0
A2FF741CD2543F0E.1630488854.3665535,"2021-09-01 09:34:15",124,12,FORWARD,FALLBACK,0,0,0,0,0,0,0,0,0
