sender_id,utterance_id,timestamp,intent,confidence
A2FF741CD2543F0E.1630488854.3665535,6303,"2021-09-01 09:34:29",order,0.90
A2FF741CD2543F0E.1630488854.3665535,6304,"2021-09-01 09:34:36",set_name,0.96
A2FF741CD2543F0E.1630488854.3665535,6305,"2021-09-01 09:34:44",set_time,0.96
A2FF741CD2543F0E.1630488854.3665535,6306,"2021-09-01 09:34:52",set_time,0.96
A2FF741CD2543F0E.1630488854.3665535,6307,"2021-09-01 09:35:00",set_address,0.53
A2FF741CD2543F0E.1630488854.3665535,6308,"2021-09-01 09:35:11",confirm_no,0.92
A2FF741CD2543F0E.1630488854.3665535,6309,"2021-09-01 09:35:18",set_poi,0.68
A2FF741CD2543F0E.1630488854.3665535,6310,"2021-09-01 09:35:25",set_address,0.95
A2FF741CD2543F0E.1630488854.3665535,6311,"2021-09-01 09:35:32",set_time,0.97
A2FF741CD2543F0E.1630488854.3665535,6312,"2021-09-01 09:35:43",confirm_yes,0.98
A2FF741CD2543F0E.1630488854.3665535,6313,"2021-09-01 09:35:49",set_address,0.85
A2FF741CD2543F0E.1630488854.3665535,6314,"2021-09-01 09:35:57",set_address,0.85
A2FF741CD2543F0E.1630488854.3665535,6315,"2021-09-01 09:36:11",set_address,0.85
BE95E3B4EE56F592.1630489229.3671571,6316,"2021-09-01 09:40:41",order,0.80
BE95E3B4EE56F592.1630489229.3671571,6317,"2021-09-01 09:40:50",bye,0.64
BE95E3B4EE56F592.1630489229.3671571,6318,"2021-09-01 09:40:59",set_address,0.65
BE95E3B4EE56F592.1630489229.3671571,6319,"2021-09-01 09:41:10",confirm_no,0.91
BE95E3B4EE56F592.1630489229.3671571,6320,"2021-09-01 09:41:21",set_address,0.75
BE95E3B4EE56F592.1630489229.3671571,6321,"2021-09-01 09:41:30",confirm_yes,0.98
2E944F0469991DC6.1630489459.3675206,6322,"2021-09-01 09:44:33",set_poi,0.90
2E944F0469991DC6.1630489459.3675206,6323,"2021-09-01 09:44:45",set_name,0.71
2E944F0469991DC6.1630489459.3675206,6324,"2021-09-01 09:44:52",set_poi,0.63
2E944F0469991DC6.1630489459.3675206,6325,"2021-09-01 09:45:05",set_poi,0.71
2F26C5A169E2C39F.1630489610.3669678,6326,"2021-09-01 09:47:02",order,0.56
2F26C5A169E2C39F.1630489610.3669678,6327,"2021-09-01 09:47:09",set_name,0.96
2F26C5A169E2C39F.1630489610.3669678,6328,"2021-09-01 09:47:16",NULL,0.00
2F26C5A169E2C39F.1630489610.3669678,6329,"2021-09-01 09:47:28",set_time,0.69
2F26C5A169E2C39F.1630489610.3669678,6330,"2021-09-01 09:47:44",set_time,0.95
4791D2CD7AC923ED.1630489793.4145737,6331,"2021-09-01 09:50:06",order,0.56
4791D2CD7AC923ED.1630489793.4145737,6332,"2021-09-01 09:50:12",set_name,0.96
4791D2CD7AC923ED.1630489793.4145737,6333,"2021-09-01 09:50:21",set_poi,0.68
4791D2CD7AC923ED.1630489793.4145737,6334,"2021-09-01 09:50:36",set_time,0.93
4791D2CD7AC923ED.1630489793.4145737,6335,"2021-09-01 09:50:49",confirm_no,0.70
4791D2CD7AC923ED.1630489793.4145737,6336,"2021-09-01 09:50:56",set_address,0.85
4791D2CD7AC923ED.1630489793.4145737,6337,"2021-09-01 09:51:06",NULL,0.00
4791D2CD7AC923ED.1630489793.4145737,6338,"2021-09-01 09:51:15",confirm_yes,0.98
4791D2CD7AC923ED.1630489793.4145737,6339,"2021-09-01 09:51:22",forward,0.54
24FFB4DA6DDB3372.1631100540.874072,6389,"2021-09-08 11:29:19",order,0.98
24FFB4DA6DDB3372.1631100540.874072,6390,"2021-09-08 11:29:28",set_address,0.81
24FFB4DA6DDB3372.1631100540.874072,6391,"2021-09-08 11:29:35",set_address,0.91
24FFB4DA6DDB3372.1631100540.874072,6392,"2021-09-08 11:29:46",confirm_no,0.93
24FFB4DA6DDB3372.1631100540.874072,6393,"2021-09-08 11:29:52",set_name,0.63
24FFB4DA6DDB3372.1631100540.874072,6394,"2021-09-08 11:30:10",confirm_yes,0.97
24FFB4DA6DDB3372.1631100540.874072,6395,"2021-09-08 11:30:17",set_time,0.98
24FFB4DA6DDB3372.1631100540.874072,6396,"2021-09-08 11:30:25",confirm_yes,0.97
617FC0DD942185F2.1631101361.887812,6398,"2021-09-08 11:42:57",order,0.98
617FC0DD942185F2.1631101361.887812,6399,"2021-09-08 11:43:06",set_address,0.97
617FC0DD942185F2.1631101361.887812,6400,"2021-09-08 11:43:16",confirm_yes,0.97
617FC0DD942185F2.1631101361.887812,6401,"2021-09-08 11:43:23",set_time,0.98
617FC0DD942185F2.1631101361.887812,6402,"2021-09-08 11:43:29",set_time,0.98
617FC0DD942185F2.1631101361.887812,6403,"2021-09-08 11:43:37",confirm_yes,0.97
C19D1D22078F1556.1631101655.476316,6404,"2021-09-08 11:47:51",order,0.98
C19D1D22078F1556.1631101655.476316,6405,"2021-09-08 11:47:58",NULL,0.00
C19D1D22078F1556.1631101655.476316,6406,"2021-09-08 11:48:07",confirm_yes,0.97
C19D1D22078F1556.1631101655.476316,6407,"2021-09-08 11:48:15",set_time,0.98
C19D1D22078F1556.1631101655.476316,6408,"2021-09-08 11:48:23",confirm_yes,0.97
B4ED3642A918BF7E.1631102313.424366,6409,"2021-09-08 11:58:47",order,0.98
B4ED3642A918BF7E.1631102313.424366,6410,"2021-09-08 11:58:54",NULL,0.00
B4ED3642A918BF7E.1631102313.424366,6411,"2021-09-08 11:59:02",set_poi,0.98
296D657FD20CA70A.1631102590.428345,6412,"2021-09-08 12:03:26",order,0.98
296D657FD20CA70A.1631102590.428345,6413,"2021-09-08 12:03:33",NULL,0.00
35F839189BFB7191.1631103409.372363,6414,"2021-09-08 12:17:02",order,0.98
35F839189BFB7191.1631103409.372363,6415,"2021-09-08 12:17:07",NULL,0.00
35F839189BFB7191.1631103409.372363,6416,"2021-09-08 12:17:15",set_address,0.91
35F839189BFB7191.1631103409.372363,6417,"2021-09-08 12:17:21",set_time,0.98
35F839189BFB7191.1631103409.372363,6418,"2021-09-08 12:17:29",set_address,0.91
1F1A8A4B86D00339.1631103515.440515,6419,"2021-09-08 12:18:47",order,0.98
1F1A8A4B86D00339.1631103515.440515,6420,"2021-09-08 12:18:53",NULL,0.00
1F1A8A4B86D00339.1631103515.440515,6421,"2021-09-08 12:19:00",set_address,0.91
1F1A8A4B86D00339.1631103515.440515,6422,"2021-09-08 12:19:07",set_time,0.98
1F1A8A4B86D00339.1631103515.440515,6423,"2021-09-08 12:19:18",confirm_no,0.93
1F1A8A4B86D00339.1631103515.440515,6424,"2021-09-08 12:19:26",set_address,0.97
1F1A8A4B86D00339.1631103515.440515,6425,"2021-09-08 12:19:35",confirm_yes,0.97
1F1A8A4B86D00339.1631103515.440515,6426,"2021-09-08 12:19:43",confirm_no,0.93
1F1A8A4B86D00339.1631103515.440515,6427,"2021-09-08 12:19:48",confirm_yes,0.94
1F1A8A4B86D00339.1631103515.440515,6428,"2021-09-08 12:19:56",confirm_yes,0.97
A90F7709B8CBE4A4.1631525285.1656317,6429,"2021-09-13 09:28:17",order,0.97
A90F7709B8CBE4A4.1631525285.1656317,6430,"2021-09-13 09:28:23",NULL,0.00
A90F7709B8CBE4A4.1631525285.1656317,6431,"2021-09-13 09:28:31",set_address,0.91
1A6A0974B9F90973.1631605960.4083624,6432,"2021-09-14 07:52:53",order,0.98
1A6A0974B9F90973.1631605960.4083624,6433,"2021-09-14 07:52:59",NULL,0.00
1A6A0974B9F90973.1631605960.4083624,6434,"2021-09-14 07:53:07",set_time,0.86
1A6A0974B9F90973.1631605960.4083624,6435,"2021-09-14 07:53:14",set_address,0.90
1A6A0974B9F90973.1631605960.4083624,6436,"2021-09-14 07:53:29",confirm_yes,0.97
1A6A0974B9F90973.1631605960.4083624,6437,"2021-09-14 07:53:36",confirm_yes,0.97
829165C33E60F8C9.1631606254.4089036,6438,"2021-09-14 07:57:47",set_address,0.71
829165C33E60F8C9.1631606254.4089036,6439,"2021-09-14 07:57:56",order,0.67
829165C33E60F8C9.1631606254.4089036,6440,"2021-09-14 07:58:04",set_time,0.67
829165C33E60F8C9.1631606254.4089036,6441,"2021-09-14 07:58:11",set_address,0.91
829165C33E60F8C9.1631606254.4089036,6442,"2021-09-14 07:58:22",confirm_yes,0.97
829165C33E60F8C9.1631606254.4089036,6443,"2021-09-14 07:58:29",confirm_yes,0.86
060A4EAFC98C241F.1631606409.4091833,6444,"2021-09-14 08:00:26",order,0.74
FED4C1D27EFA3BE4.1631606460.4092983,6445,"2021-09-14 08:01:18",order,0.61
FED4C1D27EFA3BE4.1631606460.4092983,6446,"2021-09-14 08:01:23",NULL,0.00
FED4C1D27EFA3BE4.1631606460.4092983,6447,"2021-09-14 08:01:29",set_poi,0.97
E25E801C89A06948.1631629962.296576,6448,"2021-09-14 14:32:56",order,0.98
E25E801C89A06948.1631629962.296576,6449,"2021-09-14 14:33:01",set_poi,0.74
E25E801C89A06948.1631629962.296576,6450,"2021-09-14 14:33:08",set_address,0.91
E25E801C89A06948.1631629962.296576,6451,"2021-09-14 14:33:18",confirm_yes,0.94
039248164D3498A1.1631633775.189932,6452,"2021-09-14 15:36:28",confirm_no,0.72
039248164D3498A1.1631633775.189932,6453,"2021-09-14 15:36:35",order,0.98
039248164D3498A1.1631633775.189932,6454,"2021-09-14 15:36:41",NULL,0.00
039248164D3498A1.1631633775.189932,6455,"2021-09-14 15:36:49",set_address,0.91
039248164D3498A1.1631633775.189932,6456,"2021-09-14 15:36:59",confirm_yes,0.95
039248164D3498A1.1631633775.189932,6457,"2021-09-14 15:37:04",set_time,0.97
039248164D3498A1.1631633775.189932,6458,"2021-09-14 15:37:12",confirm_yes,0.97
A3119CEAE6A9E00C.1631712078.951382,6459,"2021-09-15 13:21:36",order,0.98
A3119CEAE6A9E00C.1631712078.951382,6460,"2021-09-15 13:21:44",set_address,0.97
A3119CEAE6A9E00C.1631712078.951382,6461,"2021-09-15 13:21:51",set_address,0.97
D71D5C336A80793D.1631722704.1073985,6463,"2021-09-15 16:18:42",order,0.99
D71D5C336A80793D.1631722704.1073985,6464,"2021-09-15 16:18:50",set_address,0.94
D71D5C336A80793D.1631722704.1073985,6465,"2021-09-15 16:19:00",confirm_yes,0.94
D71D5C336A80793D.1631722704.1073985,6466,"2021-09-15 16:19:06",set_time,0.97
D71D5C336A80793D.1631722704.1073985,6467,"2021-09-15 16:19:13",confirm_yes,0.94
17E293C435B0EA6C.1631776498.1233859,6468,"2021-09-16 07:15:11",order,0.98
17E293C435B0EA6C.1631776498.1233859,6469,"2021-09-16 07:15:18",set_address,0.98
17E293C435B0EA6C.1631776498.1233859,6470,"2021-09-16 07:15:25",set_address,0.98
17E293C435B0EA6C.1631776498.1233859,6471,"2021-09-16 07:15:33",set_address,0.97
17E293C435B0EA6C.1631776498.1233859,6472,"2021-09-16 07:15:44",set_address,0.98
17E293C435B0EA6C.1631776498.1233859,6473,"2021-09-16 07:15:59",confirm_yes,0.94
17E293C435B0EA6C.1631776498.1233859,6474,"2021-09-16 07:16:05",set_time,0.97
17E293C435B0EA6C.1631776498.1233859,6475,"2021-09-16 07:16:13",NULL,0.00
17E293C435B0EA6C.1631776498.1233859,6476,"2021-09-16 07:16:21",confirm_no,0.91
17E293C435B0EA6C.1631776498.1233859,6477,"2021-09-16 07:16:27",set_address,0.94
36C146887CBE47CA.1631776658.3903620,6478,"2021-09-16 07:17:57",order_cancel,0.90
36C146887CBE47CA.1631776658.3903620,6479,"2021-09-16 07:18:10",confirm_yes,0.94
AE63E5C7B4D5C76D.1631779752.1278019,6480,"2021-09-16 08:09:25",order,0.96
AE63E5C7B4D5C76D.1631779752.1278019,6481,"2021-09-16 08:09:33",set_address,0.98
AE63E5C7B4D5C76D.1631779752.1278019,6482,"2021-09-16 08:09:38",set_address,0.98
AE63E5C7B4D5C76D.1631779752.1278019,6483,"2021-09-16 08:09:51",confirm_no,0.91
AE63E5C7B4D5C76D.1631779752.1278019,6484,"2021-09-16 08:09:57",set_address,0.68
AE63E5C7B4D5C76D.1631779752.1278019,6485,"2021-09-16 08:10:11",confirm_yes,0.94
AE63E5C7B4D5C76D.1631779752.1278019,6486,"2021-09-16 08:10:16",set_time,0.97
AE63E5C7B4D5C76D.1631779752.1278019,6487,"2021-09-16 08:10:25",confirm_yes,0.94
B3917836D2E12A27.1631779857.1402371,6488,"2021-09-16 08:11:16",order_cancel,0.80
B3917836D2E12A27.1631779857.1402371,6489,"2021-09-16 08:11:27",confirm_yes,0.92
C670E85BD18496C5.1631882336.4887013,6490,"2021-09-17 12:39:09",order,0.99
C670E85BD18496C5.1631882336.4887013,6491,"2021-09-17 12:39:16",set_address,0.68
C670E85BD18496C5.1631882336.4887013,6492,"2021-09-17 12:39:33",confirm_yes,0.94
C670E85BD18496C5.1631882336.4887013,6493,"2021-09-17 12:39:40",set_time,0.97
C670E85BD18496C5.1631882336.4887013,6494,"2021-09-17 12:39:46",set_name,0.89
C670E85BD18496C5.1631882336.4887013,6495,"2021-09-17 12:39:54",confirm_yes,0.94
EB6F97F2019F22BD.1631886826.4938950,6496,"2021-09-17 13:54:06",order,0.88
75C9FFE169F56647.1632224649.1640959,6505,"2021-09-21 11:44:27",order,0.99
75C9FFE169F56647.1632224649.1640959,6506,"2021-09-21 11:44:38",set_poi,0.67
A46E00A504233ED8.1632231453.4820489,6507,"2021-09-21 13:37:45",order,0.98
A46E00A504233ED8.1632231453.4820489,6508,"2021-09-21 13:37:53",set_address,0.93
A46E00A504233ED8.1632231453.4820489,6509,"2021-09-21 13:38:04",confirm_no,0.93
A46E00A504233ED8.1632231453.4820489,6510,"2021-09-21 13:38:12",set_address,0.98
006F884D13CD1379.1632296905.5237071,6511,"2021-09-22 07:48:38",order,0.98
006F884D13CD1379.1632296905.5237071,6512,"2021-09-22 07:48:46",set_address,0.45
006F884D13CD1379.1632296905.5237071,6513,"2021-09-22 07:48:55",confirm_yes,0.94
BEFED1D0035BEDD9.1632296941.5186238,6514,"2021-09-22 07:49:15",order,0.99
BEFED1D0035BEDD9.1632296941.5186238,6515,"2021-09-22 07:49:23",set_poi,0.53
BEFED1D0035BEDD9.1632296941.5186238,6516,"2021-09-22 07:49:29",set_time,0.97
F7F37EC2CEB43DE7.1632296995.5186907,6517,"2021-09-22 07:50:07",order,0.99
F7F37EC2CEB43DE7.1632296995.5186907,6518,"2021-09-22 07:50:16",confirm_yes,0.54
F7F37EC2CEB43DE7.1632296995.5186907,6519,"2021-09-22 07:50:23",NULL,0.00
AF097D7DE2963FC2.1632297030.7783258,6520,"2021-09-22 07:50:42",order,0.98
AF097D7DE2963FC2.1632297030.7783258,6521,"2021-09-22 07:50:50",set_name,0.98
AF097D7DE2963FC2.1632297030.7783258,6522,"2021-09-22 07:51:01",confirm_yes+bye,0.65
AF097D7DE2963FC2.1632297030.7783258,6523,"2021-09-22 07:51:12",set_name,0.89
43EDF37A630A286D.1632303753.5327921,6524,"2021-09-22 09:42:46",order,0.99
43EDF37A630A286D.1632303753.5327921,6525,"2021-09-22 09:42:53",set_address,0.68
43EDF37A630A286D.1632303753.5327921,6526,"2021-09-22 09:43:02",bye,0.64
43EDF37A630A286D.1632303753.5327921,6527,"2021-09-22 09:43:14",confirm_yes,0.94
43EDF37A630A286D.1632303753.5327921,6528,"2021-09-22 09:43:21",set_time,0.97
43EDF37A630A286D.1632303753.5327921,6529,"2021-09-22 09:43:30",set_time,0.73
43EDF37A630A286D.1632303753.5327921,6530,"2021-09-22 09:43:38",confirm_yes,0.94
F3C649F36C980AF2.1632733956.11478320,6580,"2021-09-27 09:12:51",order,0.77
F3C649F36C980AF2.1632733956.11478320,6581,"2021-09-27 09:12:57",set_address,0.89
F3C649F36C980AF2.1632733956.11478320,6582,"2021-09-27 09:13:08",confirm_yes,0.95
F3C649F36C980AF2.1632733956.11478320,6583,"2021-09-27 09:13:13",set_time,0.99
F3C649F36C980AF2.1632733956.11478320,6584,"2021-09-27 09:13:20",set_name,0.81
F3C649F36C980AF2.1632733956.11478320,6585,"2021-09-27 09:13:27",confirm_no,0.95
F3C649F36C980AF2.1632733956.11478320,6586,"2021-09-27 09:13:36",set_address,0.96
F3C649F36C980AF2.1632733956.11478320,6587,"2021-09-27 09:13:51",confirm_yes,0.97
CCB16A3286440735.1632734338.5792191,6588,"2021-09-27 09:19:16",order,0.92
CCB16A3286440735.1632734338.5792191,6589,"2021-09-27 09:19:25",set_address,0.98
CCB16A3286440735.1632734338.5792191,6590,"2021-09-27 09:19:34",confirm_yes,0.96
CCB16A3286440735.1632734338.5792191,6591,"2021-09-27 09:19:42",set_time,0.99
CCB16A3286440735.1632734338.5792191,6592,"2021-09-27 09:19:48",set_name,0.95
CCB16A3286440735.1632734338.5792191,6593,"2021-09-27 09:19:57",confirm_yes,0.87
CCB16A3286440735.1632734338.5792191,6594,"2021-09-27 09:20:13",confirm_yes,0.94
1A9DA7D6553CCD39.1632816974.9548311,6595,"2021-09-28 08:16:32",order,0.95
1A9DA7D6553CCD39.1632816974.9548311,6596,"2021-09-28 08:16:41",set_address,0.96
1A9DA7D6553CCD39.1632816974.9548311,6597,"2021-09-28 08:16:48",set_address,0.98
1A9DA7D6553CCD39.1632816974.9548311,6598,"2021-09-28 08:16:56",set_time,0.99
788AD9B1E2085109.1633078390.11534872,7181,"2021-10-01 08:53:27",order,0.96
788AD9B1E2085109.1633078390.11534872,7182,"2021-10-01 08:53:36",set_address,0.70
788AD9B1E2085109.1633078390.11534872,7183,"2021-10-01 08:53:45",confirm_yes,0.94
788AD9B1E2085109.1633078390.11534872,7184,"2021-10-01 08:53:52",set_address,0.89
788AD9B1E2085109.1633078390.11534872,7185,"2021-10-01 08:54:03",confirm_yes,0.94
788AD9B1E2085109.1633078390.11534872,7186,"2021-10-01 08:54:08",set_name,0.97
788AD9B1E2085109.1633078390.11534872,7187,"2021-10-01 08:54:15",confirm_yes,0.94
788AD9B1E2085109.1633078390.11534872,7188,"2021-10-01 08:54:31",confirm_yes,0.93
1C480A7458348B6F.1633078505.13981988,7189,"2021-10-01 08:55:22",order,0.95
1C480A7458348B6F.1633078505.13981988,7190,"2021-10-01 08:55:30",set_address,0.97
1C480A7458348B6F.1633078505.13981988,7191,"2021-10-01 08:55:36",set_time,0.99
1C480A7458348B6F.1633078505.13981988,7192,"2021-10-01 08:55:47",set_address,0.80
1C480A7458348B6F.1633078505.13981988,7193,"2021-10-01 08:55:59",set_address,0.96
963AFED5B755DDF0.1633080228.11362235,7215,"2021-10-01 09:24:07",confirm_yes,0.94
2DC9C2DE5FB471DE.1633099568.11680033,7290,"2021-10-01 14:46:22",order,0.91
2DC9C2DE5FB471DE.1633099568.11680033,7291,"2021-10-01 14:46:30",set_name,0.91
A1A16CF5B953FE19.1633699401.68823,7948,"2021-10-08 13:23:39",order,0.97
A1A16CF5B953FE19.1633699401.68823,7949,"2021-10-08 13:23:47",set_address,0.98
A1A16CF5B953FE19.1633699401.68823,7951,"2021-10-08 13:23:54",set_address,0.89
A59C0B8C83F5D2BB.1633702437.778090,7970,"2021-10-08 14:14:10",order,0.96
A59C0B8C83F5D2BB.1633702437.778090,7971,"2021-10-08 14:14:18",NULL,0.00
A59C0B8C83F5D2BB.1633702437.778090,7972,"2021-10-08 14:14:37",confirm_yes,0.96
A59C0B8C83F5D2BB.1633702437.778090,7973,"2021-10-08 14:14:44",set_time,0.97
A59C0B8C83F5D2BB.1633702437.778090,7974,"2021-10-08 14:14:49",set_name,0.97
A59C0B8C83F5D2BB.1633702437.778090,7975,"2021-10-08 14:14:57",confirm_no,0.93
A59C0B8C83F5D2BB.1633702437.778090,7976,"2021-10-08 14:15:06",set_address,0.97
A59C0B8C83F5D2BB.1633702437.778090,7977,"2021-10-08 14:15:24",confirm_yes,0.96
266F513D72E39981.1634116435.1919969,8176,"2021-10-13 09:14:17",thanks,0.68
266F513D72E39981.1634116435.1919969,8177,"2021-10-13 09:14:27",order,0.97
266F513D72E39981.1634116435.1919969,8178,"2021-10-13 09:14:36",set_address,0.89
266F513D72E39981.1634116435.1919969,8179,"2021-10-13 09:14:46",confirm_yes,0.67
266F513D72E39981.1634116435.1919969,8180,"2021-10-13 09:14:52",set_address,0.95
266F513D72E39981.1634116435.1919969,8181,"2021-10-13 09:15:03",confirm_yes,0.96
6FEF93BD44CD23DC.1634133915.3286834,8182,"2021-10-13 14:05:32",order,0.95
6FEF93BD44CD23DC.1634133915.3286834,8183,"2021-10-13 14:05:39",set_address,0.98
DB4C1F879023250D.1634302150.224849,8201,"2021-10-15 12:49:24",set_time,0.87
DB4C1F879023250D.1634302150.224849,8202,"2021-10-15 12:49:30",set_address,0.89
CC19223FEC72A8E0.1634650020.2940334,8243,"2021-10-19 13:27:18",order,0.98
CC19223FEC72A8E0.1634650020.2940334,8244,"2021-10-19 13:27:25",set_address,0.96
CC19223FEC72A8E0.1634650020.2940334,8245,"2021-10-19 13:27:34",set_address,0.93
CC19223FEC72A8E0.1634650020.2940334,8246,"2021-10-19 13:27:45",confirm_yes,0.97
6CC735419D516256.1634650070.886845,8247,"2021-10-19 13:28:08",order,0.98
6CC735419D516256.1634650070.886845,8248,"2021-10-19 13:28:19",set_address,0.99
6CC735419D516256.1634650070.886845,8249,"2021-10-19 13:28:30",confirm_no,1.00
6CC735419D516256.1634650070.886845,8250,"2021-10-19 13:28:37",set_address,0.99
B03B759D9D981691.1634650126.2356352,8251,"2021-10-19 13:29:04",order,0.98
B03B759D9D981691.1634650126.2356352,8252,"2021-10-19 13:29:10",set_address,0.96
B03B759D9D981691.1634650126.2356352,8253,"2021-10-19 13:29:18",set_address,0.98
B03B759D9D981691.1634650126.2356352,8254,"2021-10-19 13:29:29",confirm_yes,0.97
EF0FEFEEFF872EE9.1634650170.888359,8255,"2021-10-19 13:29:48",order,0.98
EF0FEFEEFF872EE9.1634650170.888359,8256,"2021-10-19 13:29:55",set_address,0.96
EF0FEFEEFF872EE9.1634650170.888359,8257,"2021-10-19 13:30:02",set_address,0.98
4F349C435467B0A4.1634751352.646013,8297,"2021-10-20 17:36:11",set_name,0.70
4F349C435467B0A4.1634751352.646013,8298,"2021-10-20 17:36:19",order,0.98
4F349C435467B0A4.1634751352.646013,8299,"2021-10-20 17:36:28",set_address,0.98
4F349C435467B0A4.1634751352.646013,8300,"2021-10-20 17:36:35",set_address,0.96
4F349C435467B0A4.1634751352.646013,8301,"2021-10-20 17:36:45",confirm_yes,0.97
4F349C435467B0A4.1634751352.646013,8302,"2021-10-20 17:36:51",set_time,0.95
4F349C435467B0A4.1634751352.646013,8303,"2021-10-20 17:37:00",confirm_yes,0.94
4F349C435467B0A4.1634751352.646013,8304,"2021-10-20 17:37:13",confirm_yes,0.97
7F07A45127D35B69.1635326502.4379255,8434,"2021-10-27 09:22:03",order,0.97
7F07A45127D35B69.1635326502.4379255,8435,"2021-10-27 09:22:12",set_address,0.97
7F07A45127D35B69.1635326502.4379255,8436,"2021-10-27 09:22:22",set_address,0.66
817A0DB626F37955.1635350351.2967056,8437,"2021-10-27 15:59:31",order,0.97
D0B218CB454B43E5.1635350477.2968034,8438,"2021-10-27 16:01:36",order,0.97
D0B218CB454B43E5.1635350477.2968034,8439,"2021-10-27 16:01:45",set_address,0.98
D0B218CB454B43E5.1635350477.2968034,8440,"2021-10-27 16:01:58",confirm_yes,0.96
D0B218CB454B43E5.1635350477.2968034,8441,"2021-10-27 16:02:09",order,0.55
D0B218CB454B43E5.1635350477.2968034,8442,"2021-10-27 16:02:16",set_name,0.93
D0B218CB454B43E5.1635350477.2968034,8443,"2021-10-27 16:02:27",confirm_no,0.92
D0B218CB454B43E5.1635350477.2968034,8444,"2021-10-27 16:02:38",set_address,0.88
D0B218CB454B43E5.1635350477.2968034,8445,"2021-10-27 16:02:54",confirm_yes,0.94
A40312BA127336C5.1635352545.22953,8446,"2021-10-27 16:36:04",order,0.92
A40312BA127336C5.1635352545.22953,8447,"2021-10-27 16:36:11",confirm_yes,0.81
A40312BA127336C5.1635352545.22953,8448,"2021-10-27 16:36:19",set_address,0.97
A40312BA127336C5.1635352545.22953,8449,"2021-10-27 16:36:36",set_address,0.92
FFC6B46DDA7424FC.1635353279.2987472,8450,"2021-10-27 16:48:19",order,0.97
7BED6E96F79AF81F.1635371353.5832022,8472,"2021-10-27 21:49:33",order,0.97
7BED6E96F79AF81F.1635371353.5832022,8473,"2021-10-27 21:49:42",set_address,0.97
7BED6E96F79AF81F.1635371353.5832022,8474,"2021-10-27 21:49:54",confirm_yes,0.97
7BED6E96F79AF81F.1635371353.5832022,8475,"2021-10-27 21:50:02",set_time,0.97
7BED6E96F79AF81F.1635371353.5832022,8476,"2021-10-27 21:50:08",set_time,0.98
7BED6E96F79AF81F.1635371353.5832022,8477,"2021-10-27 21:50:16",set_name,0.95
7BED6E96F79AF81F.1635371353.5832022,8478,"2021-10-27 21:50:24",confirm_yes,0.96
7BED6E96F79AF81F.1635371353.5832022,8479,"2021-10-27 21:50:42",confirm_yes,0.95
D6BA17511D5BE353.1635371471.138485,8480,"2021-10-27 21:51:30",order_cancel,0.96
D6BA17511D5BE353.1635371471.138485,8481,"2021-10-27 21:51:44",confirm_yes,0.96
41A97DDA9DEC4B92.1635371653.227842,8482,"2021-10-27 21:54:32",order_cancel,0.96
41A97DDA9DEC4B92.1635371653.227842,8483,"2021-10-27 21:54:46",confirm_yes,0.96
B669C870D3A54926.1635371796.7298114,8484,"2021-10-27 21:56:57",order_cancel,0.95
B669C870D3A54926.1635371796.7298114,8485,"2021-10-27 21:57:10",confirm_yes,0.96
3FC28648A9C352A6.1635403489.1241923,8486,"2021-10-28 06:45:08",order,0.97
8EE09D6084DE386D.1635432102.617217,8575,"2021-10-28 14:42:01",order,0.97
8EE09D6084DE386D.1635432102.617217,8576,"2021-10-28 14:42:11",set_address,0.75
8EE09D6084DE386D.1635432102.617217,8577,"2021-10-28 14:42:26",confirm_no,0.92
6D4937B986A1BEEC.1635490841.1006475,8578,"2021-10-29 07:01:02",order,0.97
6D4937B986A1BEEC.1635490841.1006475,8579,"2021-10-29 07:01:09",set_address,0.97
6D4937B986A1BEEC.1635490841.1006475,8580,"2021-10-29 07:01:18",set_address,0.97
6D4937B986A1BEEC.1635490841.1006475,8581,"2021-10-29 07:01:27",thanks,0.60
6D4937B986A1BEEC.1635490841.1006475,8582,"2021-10-29 07:01:45",order_change,0.67
5DD02052AF654C76.1635497439.1083294,8583,"2021-10-29 08:50:58",set_name,0.76
5DD02052AF654C76.1635497439.1083294,8584,"2021-10-29 08:51:08",set_name,0.74
5DD02052AF654C76.1635497439.1083294,8585,"2021-10-29 08:51:18",order,0.92
5DD02052AF654C76.1635497439.1083294,8586,"2021-10-29 08:51:26",thanks,0.65
92AF638CE329951E.1635500811.697124,8587,"2021-10-29 09:47:12",order,0.97
92AF638CE329951E.1635500811.697124,8588,"2021-10-29 09:47:20",set_address,0.97
92AF638CE329951E.1635500811.697124,8589,"2021-10-29 09:47:31",confirm_yes,0.96
92AF638CE329951E.1635500811.697124,8590,"2021-10-29 09:47:39",set_time,0.59
92AF638CE329951E.1635500811.697124,8591,"2021-10-29 09:47:46",set_name,0.95
92AF638CE329951E.1635500811.697124,8592,"2021-10-29 09:47:55",confirm_yes,0.97
92AF638CE329951E.1635500811.697124,8593,"2021-10-29 09:48:09",confirm_yes,0.96
B1098FD7F04B3B7F.1635504347.724656,8594,"2021-10-29 10:46:07",order,0.97
B1098FD7F04B3B7F.1635504347.724656,8595,"2021-10-29 10:46:17",set_address,0.98
B1098FD7F04B3B7F.1635504347.724656,8596,"2021-10-29 10:46:27",confirm_yes,0.96
B1098FD7F04B3B7F.1635504347.724656,8597,"2021-10-29 10:46:34",set_time,0.96
B1098FD7F04B3B7F.1635504347.724656,8598,"2021-10-29 10:46:41",set_name,0.95
B1098FD7F04B3B7F.1635504347.724656,8599,"2021-10-29 10:46:49",confirm_yes,0.96
B1098FD7F04B3B7F.1635504347.724656,8600,"2021-10-29 10:47:02",confirm_yes,0.96
A20811C904B6A357.1635607285.1410687,8626,"2021-10-30 15:21:42",order,0.97
A20811C904B6A357.1635607285.1410687,8627,"2021-10-30 15:21:51",set_address,0.97
504A18A415BAE693.1635720829.2040223,8628,"2021-10-31 22:54:08",order,0.97
504A18A415BAE693.1635720829.2040223,8629,"2021-10-31 22:54:21",set_address,0.85
504A18A415BAE693.1635720829.2040223,8630,"2021-10-31 22:54:31",confirm_no,0.92
504A18A415BAE693.1635720829.2040223,8631,"2021-10-31 22:54:40",set_address,0.98
504A18A415BAE693.1635720829.2040223,8632,"2021-10-31 22:54:48",set_address,0.98
504A18A415BAE693.1635720829.2040223,8633,"2021-10-31 22:54:57",set_address,0.98
BEF388608BB3B9F1.1635837671.2775519,8634,"2021-11-02 07:21:31",order,0.97
BEF388608BB3B9F1.1635837671.2775519,8635,"2021-11-02 07:21:44",set_time,0.89
BEF388608BB3B9F1.1635837671.2775519,8636,"2021-11-02 07:21:49",set_time,0.99
BEF388608BB3B9F1.1635837671.2775519,8637,"2021-11-02 07:22:03",confirm_yes,0.94
BEF388608BB3B9F1.1635837671.2775519,8638,"2021-11-02 07:22:09",set_time,0.96
BEF388608BB3B9F1.1635837671.2775519,8639,"2021-11-02 07:22:16",set_time,0.99
880EA6384603044D.1635843371.6138081,8640,"2021-11-02 08:56:30",order,0.95
880EA6384603044D.1635843371.6138081,8641,"2021-11-02 08:56:40",set_address,0.96
880EA6384603044D.1635843371.6138081,8642,"2021-11-02 08:57:01",confirm_yes,0.96
277DF3AF77F131C3.1635845422.4211798,8643,"2021-11-02 09:30:46",order,0.95
7EC004B8D1DA8A5C.1635845875.4217551,8644,"2021-11-02 09:38:16",order,0.98
7EC004B8D1DA8A5C.1635845875.4217551,8645,"2021-11-02 09:38:27",set_address,0.63
7EC004B8D1DA8A5C.1635845875.4217551,8646,"2021-11-02 09:38:41",confirm_yes,0.90
7EC004B8D1DA8A5C.1635845875.4217551,8647,"2021-11-02 09:38:48",set_time,0.96
4292AEE65FAEA112.1635845911.6173138,8648,"2021-11-02 09:38:48",order,0.97
4292AEE65FAEA112.1635845911.6173138,8649,"2021-11-02 09:38:55",NULL,0.00
F8EDE14BD039828D.1635846027.3312454,8650,"2021-11-02 09:40:54",confirm_yes,0.96
724EFF80582A9C94.1635847264.3226520,8651,"2021-11-02 10:01:21",order,0.97
724EFF80582A9C94.1635847264.3226520,8652,"2021-11-02 10:01:31",set_name,0.88
724EFF80582A9C94.1635847264.3226520,8653,"2021-11-02 10:01:44",confirm_yes,0.97
724EFF80582A9C94.1635847264.3226520,8654,"2021-11-02 10:01:50",set_time,0.98
724EFF80582A9C94.1635847264.3226520,8655,"2021-11-02 10:02:02",confirm_no,0.58
907C49179DCF6107.1635926894.3906451,8721,"2021-11-03 08:08:41",set_name,0.94
D690EC51215E64CD.1635932935.3878369,8722,"2021-11-03 09:49:14",order,0.97
D690EC51215E64CD.1635932935.3878369,8723,"2021-11-03 09:49:22",set_address,0.97
DE574A07139DFD0C.1636018111.4184579,8744,"2021-11-04 09:28:50",order,0.98
DE574A07139DFD0C.1636018111.4184579,8745,"2021-11-04 09:28:56",NULL,0.00
DE574A07139DFD0C.1636018111.4184579,8746,"2021-11-04 09:29:04",set_address,0.96
DE574A07139DFD0C.1636018111.4184579,8747,"2021-11-04 09:29:15",NULL,0.00
DE574A07139DFD0C.1636018111.4184579,8748,"2021-11-04 09:29:26",confirm_yes,0.96
DE574A07139DFD0C.1636018111.4184579,8749,"2021-11-04 09:29:33",set_time,0.97
DE574A07139DFD0C.1636018111.4184579,8750,"2021-11-04 09:29:38",NULL,0.00
DE574A07139DFD0C.1636018111.4184579,8751,"2021-11-04 09:29:46",confirm_yes,0.96
30301B311681B3E0.1636028092.5648598,8752,"2021-11-04 12:15:19",order,0.82
245F7D3F1CE4537A.1636031033.4679224,8753,"2021-11-04 13:04:11",confirm_yes,0.91
245F7D3F1CE4537A.1636031033.4679224,8754,"2021-11-04 13:04:20",order,0.97
245F7D3F1CE4537A.1636031033.4679224,8755,"2021-11-04 13:04:27",set_address,0.78
851CDD91109235F0.1636115830.4926631,8757,"2021-11-05 12:37:31",order,0.97
851CDD91109235F0.1636115830.4926631,8758,"2021-11-05 12:37:38",set_address,0.97
851CDD91109235F0.1636115830.4926631,8759,"2021-11-05 12:37:47",set_address,0.86
851CDD91109235F0.1636115830.4926631,8760,"2021-11-05 12:37:57",confirm_yes,0.96
18ED39F0B1FDF42B.1636118262.5407493,8771,"2021-11-05 13:18:01",order,0.98
18ED39F0B1FDF42B.1636118262.5407493,8772,"2021-11-05 13:18:08",set_address,0.97
18ED39F0B1FDF42B.1636118262.5407493,8773,"2021-11-05 13:18:18",set_address,0.97
18ED39F0B1FDF42B.1636118262.5407493,8774,"2021-11-05 13:18:36",confirm_no,0.92
751E56A36ADE7546.1636118322.6360463,8775,"2021-11-05 13:19:05",order,0.97
751E56A36ADE7546.1636118322.6360463,8776,"2021-11-05 13:19:11",NULL,0.00
751E56A36ADE7546.1636118322.6360463,8777,"2021-11-05 13:19:28",confirm_yes,0.96
751E56A36ADE7546.1636118322.6360463,8778,"2021-11-05 13:19:35",set_time,0.97
751E56A36ADE7546.1636118322.6360463,8779,"2021-11-05 13:19:40",set_name,0.95
751E56A36ADE7546.1636118322.6360463,8780,"2021-11-05 13:19:48",confirm_yes,0.96
E35B04A2875CCF43.1636123984.5047197,8781,"2021-11-05 14:53:23",order,0.97
E35B04A2875CCF43.1636123984.5047197,8782,"2021-11-05 14:53:31",set_address,0.96
E35B04A2875CCF43.1636123984.5047197,8783,"2021-11-05 14:53:42",confirm_yes,0.96
E35B04A2875CCF43.1636123984.5047197,8784,"2021-11-05 14:53:49",set_time,0.97
E35B04A2875CCF43.1636123984.5047197,8785,"2021-11-05 14:53:57",confirm_yes,0.96
E35B04A2875CCF43.1636123984.5047197,8786,"2021-11-05 14:54:12",confirm_yes,0.96
07F8C70E54F87F79.1636448889.7284708,8787,"2021-11-09 09:08:30",order,0.97
07F8C70E54F87F79.1636448889.7284708,8788,"2021-11-09 09:08:41",set_address,0.58
07F8C70E54F87F79.1636448889.7284708,8789,"2021-11-09 09:08:53",set_name,0.95
03F6E5BCEB285F3B.1636473541.607581,8790,"2021-11-09 15:59:21",order,0.97
03F6E5BCEB285F3B.1636473541.607581,8791,"2021-11-09 15:59:31",set_address,0.91
03F6E5BCEB285F3B.1636473541.607581,8792,"2021-11-09 15:59:39",set_address,0.91
03F6E5BCEB285F3B.1636473541.607581,8793,"2021-11-09 15:59:46",set_address,0.96
C5E2A743DC810460.1636518404.832850,8794,"2021-11-10 04:27:03",order,0.97
C5E2A743DC810460.1636518404.832850,8795,"2021-11-10 04:27:12",set_address,0.96
C5E2A743DC810460.1636518404.832850,8796,"2021-11-10 04:27:23",confirm_yes,0.96
C5E2A743DC810460.1636518404.832850,8797,"2021-11-10 04:27:29",set_time,0.97
C5E2A743DC810460.1636518404.832850,8798,"2021-11-10 04:27:37",confirm_yes,0.96
C5E2A743DC810460.1636518404.832850,8799,"2021-11-10 04:27:51",confirm_yes,0.96
4A8E301904CF95C7.1636524939.348416,8800,"2021-11-10 06:15:59",order,0.97
4A8E301904CF95C7.1636524939.348416,8801,"2021-11-10 06:16:07",confirm_no,0.80
066ABA61353E6C0C.1636527756.365068,8802,"2021-11-10 07:02:56",order,0.98
066ABA61353E6C0C.1636527756.365068,8803,"2021-11-10 07:03:06",set_address,0.97
066ABA61353E6C0C.1636527756.365068,8804,"2021-11-10 07:03:20",set_address,0.97
0E35D4305F1F4554.1636531716.908603,8805,"2021-11-10 08:09:11",thanks,0.87
B251603E68BDA1CA.1636542081.951955,8809,"2021-11-10 11:01:40",order,0.97
B251603E68BDA1CA.1636542081.951955,8810,"2021-11-10 11:01:50",set_address,0.81
B251603E68BDA1CA.1636542081.951955,8811,"2021-11-10 11:01:57",set_address,0.96
DB80D1626DF76209.1636550218.821733,8812,"2021-11-10 13:17:18",order,0.97
DB80D1626DF76209.1636550218.821733,8813,"2021-11-10 13:17:32",set_time,0.95
F110A8BF19A0FDE6.1636555294.1285582,8814,"2021-11-10 14:41:53",order,0.92
F110A8BF19A0FDE6.1636555294.1285582,8815,"2021-11-10 14:42:00",set_name,0.95
F110A8BF19A0FDE6.1636555294.1285582,8816,"2021-11-10 14:42:09",set_address,0.96
AEE1BC5EA23F99EF.1636559448.799418,8817,"2021-11-10 15:51:10",order,0.97
AEE1BC5EA23F99EF.1636559448.799418,8818,"2021-11-10 15:51:19",set_address,0.77
A50F314D075891FC.1636566739.1879350,8819,"2021-11-10 17:52:39",order,0.97
A50F314D075891FC.1636566739.1879350,8820,"2021-11-10 17:52:46",set_address,0.92
A50F314D075891FC.1636566739.1879350,8821,"2021-11-10 17:53:12",confirm_yes,0.96
91F3069B32F7899F.1636617279.1103583,8830,"2021-11-11 07:54:59",set_name,0.94
91F3069B32F7899F.1636617279.1103583,8831,"2021-11-11 07:55:14",set_time,0.76
91F3069B32F7899F.1636617279.1103583,8832,"2021-11-11 07:55:25",set_address,0.85
91F3069B32F7899F.1636617279.1103583,8833,"2021-11-11 07:55:43",confirm_no,0.79
91F3069B32F7899F.1636617279.1103583,8834,"2021-11-11 07:55:50",set_time,0.59
91F3069B32F7899F.1636617279.1103583,8835,"2021-11-11 07:55:57",again,0.85
733E917A88BA111B.1636620920.1280036,8836,"2021-11-11 08:55:42",order,0.97
733E917A88BA111B.1636620920.1280036,8837,"2021-11-11 08:55:50",set_address,0.98
733E917A88BA111B.1636620920.1280036,8838,"2021-11-11 08:56:02",confirm_yes,0.96
733E917A88BA111B.1636620920.1280036,8839,"2021-11-11 08:56:11",set_time,0.96
733E917A88BA111B.1636620920.1280036,8840,"2021-11-11 08:56:18",NULL,0.00
733E917A88BA111B.1636620920.1280036,8841,"2021-11-11 08:56:26",confirm_yes,0.96
733E917A88BA111B.1636620920.1280036,8842,"2021-11-11 08:56:43",confirm_yes,0.96
21C576E0BA0A7408.1636622645.1173987,8843,"2021-11-11 09:24:25",order,0.97
21C576E0BA0A7408.1636622645.1173987,8844,"2021-11-11 09:24:35",set_address,0.97
21C576E0BA0A7408.1636622645.1173987,8845,"2021-11-11 09:24:50",set_address,0.73
21C576E0BA0A7408.1636622645.1173987,8846,"2021-11-11 09:24:59",confirm_yes,0.96
21C576E0BA0A7408.1636622645.1173987,8847,"2021-11-11 09:25:05",set_time,0.98
21C576E0BA0A7408.1636622645.1173987,8848,"2021-11-11 09:25:11",set_name,0.87
21C576E0BA0A7408.1636622645.1173987,8849,"2021-11-11 09:25:22",set_address,0.97
21C576E0BA0A7408.1636622645.1173987,8850,"2021-11-11 09:25:29",confirm_yes,0.96
21C576E0BA0A7408.1636622645.1173987,8851,"2021-11-11 09:25:41",confirm_yes,0.96
21C576E0BA0A7408.1636622645.1173987,8852,"2021-11-11 09:25:53",confirm_yes,0.96
900C7F73C61B77B3.1636624228.1617697,8853,"2021-11-11 09:50:48",order,0.97
900C7F73C61B77B3.1636624228.1617697,8854,"2021-11-11 09:50:57",set_address,0.97
900C7F73C61B77B3.1636624228.1617697,8855,"2021-11-11 09:51:09",confirm_yes,0.97
900C7F73C61B77B3.1636624228.1617697,8856,"2021-11-11 09:51:15",set_time,0.96
900C7F73C61B77B3.1636624228.1617697,8857,"2021-11-11 09:51:20",set_name,0.95
900C7F73C61B77B3.1636624228.1617697,8858,"2021-11-11 09:51:32",set_address,0.95
900C7F73C61B77B3.1636624228.1617697,8859,"2021-11-11 09:51:40",confirm_yes,0.96
900C7F73C61B77B3.1636624228.1617697,8860,"2021-11-11 09:51:54",confirm_yes,0.96
900C7F73C61B77B3.1636624228.1617697,8861,"2021-11-11 09:52:02",thanks,0.87
9FB4A8FA8FD449F7.1636625082.1604626,8862,"2021-11-11 10:05:03",order,0.97
1F569D5874A64B04.1636625473.1350707,8863,"2021-11-11 10:11:33",order,0.97
1F569D5874A64B04.1636625473.1350707,8864,"2021-11-11 10:11:44",set_address,0.96
1F569D5874A64B04.1636625473.1350707,8865,"2021-11-11 10:11:56",confirm_yes,0.96
1F569D5874A64B04.1636625473.1350707,8866,"2021-11-11 10:12:05",set_time,0.98
B68B5CAE6B64CE43.1636625550.1611268,8867,"2021-11-11 10:12:51",order,0.97
B68B5CAE6B64CE43.1636625550.1611268,8868,"2021-11-11 10:13:04",set_address,0.98
DFE74EBA431E20FA.1636625602.1352594,8869,"2021-11-11 10:13:43",order,0.97
DFE74EBA431E20FA.1636625602.1352594,8870,"2021-11-11 10:13:52",set_address,0.96
DFE74EBA431E20FA.1636625602.1352594,8871,"2021-11-11 10:14:04",set_address,0.77
DFE74EBA431E20FA.1636625602.1352594,8872,"2021-11-11 10:14:23",confirm_yes,0.97
DFE74EBA431E20FA.1636625602.1352594,8873,"2021-11-11 10:14:33",set_time,0.96
DFE74EBA431E20FA.1636625602.1352594,8874,"2021-11-11 10:14:40",set_name,0.95
DFE74EBA431E20FA.1636625602.1352594,8875,"2021-11-11 10:14:49",confirm_yes,0.96
DFE74EBA431E20FA.1636625602.1352594,8876,"2021-11-11 10:15:07",confirm_yes,0.95
8090452CB0FBD1A7.1636631860.1705703,8877,"2021-11-11 11:57:57",set_name,0.91
9F7677800941B6D0.1636640511.1433781,8892,"2021-11-11 14:22:11",order,0.97
9F7677800941B6D0.1636640511.1433781,8893,"2021-11-11 14:22:18",NULL,0.00
17893DB7E956B017.1636645492.2525630,8894,"2021-11-11 15:45:11",order,0.97
17893DB7E956B017.1636645492.2525630,8895,"2021-11-11 15:45:18",NULL,0.00
17893DB7E956B017.1636645492.2525630,8896,"2021-11-11 15:45:30",confirm_yes,0.96
17893DB7E956B017.1636645492.2525630,8897,"2021-11-11 15:45:36",set_time,0.96
17893DB7E956B017.1636645492.2525630,8898,"2021-11-11 15:45:45",confirm_yes,0.96
17893DB7E956B017.1636645492.2525630,8899,"2021-11-11 15:46:00",confirm_yes,0.96
FDD5632D787306E9.1636645670.1627522,8900,"2021-11-11 15:48:08",order,0.97
FDD5632D787306E9.1636645670.1627522,8901,"2021-11-11 15:48:16",set_address,0.89
FDD5632D787306E9.1636645670.1627522,8902,"2021-11-11 15:48:29",confirm_yes,0.97
FDD5632D787306E9.1636645670.1627522,8903,"2021-11-11 15:48:37",set_time,0.98
FDD5632D787306E9.1636645670.1627522,8904,"2021-11-11 15:48:45",set_time,0.97
72CAF9E4AA3F0D69.1636645709.1888507,8905,"2021-11-11 15:48:47",order,0.97
FDD5632D787306E9.1636645670.1627522,8906,"2021-11-11 15:48:54",confirm_yes,0.96
72CAF9E4AA3F0D69.1636645709.1888507,8907,"2021-11-11 15:48:55",set_name,0.96
72CAF9E4AA3F0D69.1636645709.1888507,8908,"2021-11-11 15:49:06",confirm_yes,0.96
FDD5632D787306E9.1636645670.1627522,8909,"2021-11-11 15:49:11",confirm_yes,0.96
72CAF9E4AA3F0D69.1636645709.1888507,8910,"2021-11-11 15:49:12",set_time,0.96
72CAF9E4AA3F0D69.1636645709.1888507,8911,"2021-11-11 15:49:20",confirm_yes,0.96
72CAF9E4AA3F0D69.1636645709.1888507,8912,"2021-11-11 15:49:40",confirm_yes,0.96
B5EB8D32DE15AF34.1636646582.2053710,8913,"2021-11-11 16:03:32",NULL,0.00
B5EB8D32DE15AF34.1636646582.2053710,8914,"2021-11-11 16:03:43",set_name,0.73
B5EB8D32DE15AF34.1636646582.2053710,8915,"2021-11-11 16:03:53",confirm_no,0.60
B5EB8D32DE15AF34.1636646582.2053710,8916,"2021-11-11 16:04:03",confirm_no,0.86
8263C26D42EFB21A.1636659205.2015197,8917,"2021-11-11 19:33:52",change,0.96
4D047C79F6BC530C.1636659264.2015624,8918,"2021-11-11 19:34:50",order_cancel,0.96
4D047C79F6BC530C.1636659264.2015624,8919,"2021-11-11 19:35:04",confirm_yes,0.96
4D047C79F6BC530C.1636659264.2015624,8920,"2021-11-11 19:35:18",order,0.97
4D047C79F6BC530C.1636659264.2015624,8921,"2021-11-11 19:35:27",set_address,0.96
4D047C79F6BC530C.1636659264.2015624,8922,"2021-11-11 19:35:54",confirm_yes,0.97
4D047C79F6BC530C.1636659264.2015624,8923,"2021-11-11 19:36:07",set_time,0.96
7D33CC4FF6A72E32.1636659379.2631303,8924,"2021-11-11 19:36:54",order,0.97
7D33CC4FF6A72E32.1636659379.2631303,8925,"2021-11-11 19:37:03",set_address,0.96
7D33CC4FF6A72E32.1636659379.2631303,8926,"2021-11-11 19:37:15",confirm_yes,0.97
7D33CC4FF6A72E32.1636659379.2631303,8927,"2021-11-11 19:37:25",set_time,0.96
7D33CC4FF6A72E32.1636659379.2631303,8928,"2021-11-11 19:37:33",confirm_yes,0.96
7D33CC4FF6A72E32.1636659379.2631303,8929,"2021-11-11 19:37:51",confirm_yes,0.96
7A918D46B7508E26.1636701439.1894675,8930,"2021-11-12 07:17:49",thanks,0.87
C43D076D77A02612.1636707464.2380681,8931,"2021-11-12 08:58:04",order,0.96
C43D076D77A02612.1636707464.2380681,8932,"2021-11-12 08:58:14",set_address,0.98
C43D076D77A02612.1636707464.2380681,8933,"2021-11-12 08:58:25",set_address,0.96
C43D076D77A02612.1636707464.2380681,8934,"2021-11-12 08:58:35",NULL,0.00
C43D076D77A02612.1636707464.2380681,8935,"2021-11-12 08:58:47",confirm_yes,0.97
C43D076D77A02612.1636707464.2380681,8936,"2021-11-12 08:58:53",set_time,0.96
C43D076D77A02612.1636707464.2380681,8937,"2021-11-12 08:59:03",set_name,0.95
C43D076D77A02612.1636707464.2380681,8938,"2021-11-12 08:59:10",set_address,0.96
C43D076D77A02612.1636707464.2380681,8939,"2021-11-12 08:59:18",confirm_yes,0.96
C43D076D77A02612.1636707464.2380681,8940,"2021-11-12 08:59:34",confirm_no,0.79
C43D076D77A02612.1636707464.2380681,8941,"2021-11-12 08:59:51",NULL,0.00
C43D076D77A02612.1636707464.2380681,8942,"2021-11-12 09:00:02",confirm_yes,0.96
C43D076D77A02612.1636707464.2380681,8943,"2021-11-12 09:00:09",set_name,0.96
C43D076D77A02612.1636707464.2380681,8944,"2021-11-12 09:00:15",set_time,0.96
C43D076D77A02612.1636707464.2380681,8945,"2021-11-12 09:00:30",confirm_yes,0.96
64180FD329CFC728.1636719506.3037041,8946,"2021-11-12 12:18:46",order,0.97
64180FD329CFC728.1636719506.3037041,8947,"2021-11-12 12:18:54",set_address,0.97
64180FD329CFC728.1636719506.3037041,8948,"2021-11-12 12:19:07",confirm_yes,0.96
64180FD329CFC728.1636719506.3037041,8949,"2021-11-12 12:19:12",set_time,0.97
64180FD329CFC728.1636719506.3037041,8950,"2021-11-12 12:19:19",NULL,0.00
64180FD329CFC728.1636719506.3037041,8951,"2021-11-12 12:19:29",confirm_yes,0.96
64180FD329CFC728.1636719506.3037041,8952,"2021-11-12 12:19:44",confirm_yes,0.96
779485E7235125EF.1636726458.2229336,8953,"2021-11-12 14:14:46",set_name,0.90
83533150CDE88F2D.1636775239.2796724,8954,"2021-11-13 03:47:41",set_name,0.96
83533150CDE88F2D.1636775239.2796724,8955,"2021-11-13 03:47:49",order,0.96
83533150CDE88F2D.1636775239.2796724,8956,"2021-11-13 03:48:03",thanks,0.60
6FA5291C06F05790.1636775310.2518704,8957,"2021-11-13 03:48:49",order,0.92
6FA5291C06F05790.1636775310.2518704,8958,"2021-11-13 03:48:59",set_time,0.80
6FA5291C06F05790.1636775310.2518704,8959,"2021-11-13 03:49:07",set_time,0.79
6FA5291C06F05790.1636775310.2518704,8960,"2021-11-13 03:49:16",set_time,0.79
9CEBB238B662E320.1636792440.2450618,8961,"2021-11-13 08:34:19",order,0.97
71E070190F5C8CA7.1636792529.2451388,8962,"2021-11-13 08:35:50",order,0.97
71E070190F5C8CA7.1636792529.2451388,8963,"2021-11-13 08:36:03",set_address,0.97
63F0F95D4B47F34E.1636803882.3105028,8964,"2021-11-13 11:45:02",order,0.97
63F0F95D4B47F34E.1636803882.3105028,8965,"2021-11-13 11:45:15",set_time,0.97
63F0F95D4B47F34E.1636803882.3105028,8966,"2021-11-13 11:45:28",confirm_yes,0.97
63F0F95D4B47F34E.1636803882.3105028,8967,"2021-11-13 11:45:36",set_time,0.97
63F0F95D4B47F34E.1636803882.3105028,8968,"2021-11-13 11:45:47",set_name,0.91
63F0F95D4B47F34E.1636803882.3105028,8969,"2021-11-13 11:45:55",confirm_yes,0.96
63F0F95D4B47F34E.1636803882.3105028,8970,"2021-11-13 11:46:12",confirm_yes+bye,0.76
63F0F95D4B47F34E.1636803882.3105028,8971,"2021-11-13 11:46:31",confirm_yes,0.95
B65CC74584B942BC.1636807209.3609941,8972,"2021-11-13 12:40:29",order,0.97
B65CC74584B942BC.1636807209.3609941,8973,"2021-11-13 12:40:38",set_address,0.98
B65CC74584B942BC.1636807209.3609941,8974,"2021-11-13 12:40:49",confirm_yes,0.97
B65CC74584B942BC.1636807209.3609941,8975,"2021-11-13 12:40:56",set_time,0.97
B65CC74584B942BC.1636807209.3609941,8976,"2021-11-13 12:41:02",set_address,0.77
B65CC74584B942BC.1636807209.3609941,8977,"2021-11-13 12:41:10",confirm_yes,0.96
B65CC74584B942BC.1636807209.3609941,8978,"2021-11-13 12:41:27",confirm_yes,0.96
E93D8761DE8F7658.1636843536.3852323,8985,"2021-11-13 22:45:58",order,0.97
CC9E2EA30FEE0C1F.1636851875.3885131,8986,"2021-11-14 01:04:56",order,0.97
CC9E2EA30FEE0C1F.1636851875.3885131,8987,"2021-11-14 01:05:05",set_address,0.96
CC9E2EA30FEE0C1F.1636851875.3885131,8988,"2021-11-14 01:05:17",confirm_no,0.92
CC9E2EA30FEE0C1F.1636851875.3885131,8989,"2021-11-14 01:05:25",set_time,0.69
CC9E2EA30FEE0C1F.1636851875.3885131,8990,"2021-11-14 01:05:39",confirm_no,0.92
CC9E2EA30FEE0C1F.1636851875.3885131,8991,"2021-11-14 01:05:47",set_time,0.69
CC9E2EA30FEE0C1F.1636851875.3885131,8992,"2021-11-14 01:06:00",confirm_no,0.92
FC94380AA431650B.1636891594.4054615,8993,"2021-11-14 12:06:54",order,0.92
FC94380AA431650B.1636891594.4054615,8994,"2021-11-14 12:07:04",set_address,0.98
FC94380AA431650B.1636891594.4054615,8995,"2021-11-14 12:07:15",set_address,0.98
E3030F673D0A478F.1636911775.3302691,8996,"2021-11-14 17:43:21",order_cancel,0.96
E3030F673D0A478F.1636911775.3302691,8997,"2021-11-14 17:43:34",confirm_yes,0.96
E3030F673D0A478F.1636911775.3302691,8998,"2021-11-14 17:43:48",NULL,0.00
E3030F673D0A478F.1636911775.3302691,8999,"2021-11-14 17:44:01",confirm_yes,0.97
58FFF2F52FF3EB8F.1636968120.3622628,9017,"2021-11-15 09:22:19",order,0.97
58FFF2F52FF3EB8F.1636968120.3622628,9018,"2021-11-15 09:22:28",set_address,0.77
58FFF2F52FF3EB8F.1636968120.3622628,9019,"2021-11-15 09:22:41",confirm_yes,0.96
58FFF2F52FF3EB8F.1636968120.3622628,9020,"2021-11-15 09:22:47",set_time,0.97
58FFF2F52FF3EB8F.1636968120.3622628,9021,"2021-11-15 09:22:53",NULL,0.00
58FFF2F52FF3EB8F.1636968120.3622628,9022,"2021-11-15 09:23:00",NULL,0.00
58FFF2F52FF3EB8F.1636968120.3622628,9023,"2021-11-15 09:23:07",confirm_yes,0.96
58FFF2F52FF3EB8F.1636968120.3622628,9024,"2021-11-15 09:23:24",confirm_yes,0.96
67102E256D05EAD4.1636975655.4164306,9025,"2021-11-15 11:27:55",set_name,0.68
67102E256D05EAD4.1636975655.4164306,9026,"2021-11-15 11:28:04",order,0.97
67102E256D05EAD4.1636975655.4164306,9027,"2021-11-15 11:28:11",set_address,0.96
67102E256D05EAD4.1636975655.4164306,9028,"2021-11-15 11:28:22",confirm_no,0.92
67102E256D05EAD4.1636975655.4164306,9029,"2021-11-15 11:28:29",set_address,0.98
67102E256D05EAD4.1636975655.4164306,9030,"2021-11-15 11:28:36",set_address,0.97
67102E256D05EAD4.1636975655.4164306,9031,"2021-11-15 11:28:47",confirm_yes,0.97
67102E256D05EAD4.1636975655.4164306,9032,"2021-11-15 11:28:54",confirm_yes,0.83
67102E256D05EAD4.1636975655.4164306,9033,"2021-11-15 11:29:02",order_cancel,0.75
C5958126C5BCA0E4.1637053541.5248742,9034,"2021-11-16 09:06:20",confirm_yes,0.96
BB6DF9E77F6D7B83.1637053622.5250231,9035,"2021-11-16 09:07:22",order,0.98
BB6DF9E77F6D7B83.1637053622.5250231,9036,"2021-11-16 09:07:29",set_address,0.96
574246836882A3C1.1637059536.4363922,9038,"2021-11-16 10:45:57",NULL,0.00
574246836882A3C1.1637059536.4363922,9039,"2021-11-16 10:46:06",order,0.97
574246836882A3C1.1637059536.4363922,9040,"2021-11-16 10:46:14",NULL,0.00
574246836882A3C1.1637059536.4363922,9041,"2021-11-16 10:46:26",confirm_yes,0.97
574246836882A3C1.1637059536.4363922,9042,"2021-11-16 10:46:33",set_time,0.97
574246836882A3C1.1637059536.4363922,9043,"2021-11-16 10:46:40",NULL,0.00
574246836882A3C1.1637059536.4363922,9044,"2021-11-16 10:46:49",confirm_yes,0.97
574246836882A3C1.1637059536.4363922,9045,"2021-11-16 10:47:04",confirm_yes,0.96
574246836882A3C1.1637059536.4363922,9046,"2021-11-16 10:47:14",thanks,0.87
6A6AE8AA1CED9D44.1637059758.4371281,9047,"2021-11-16 10:49:41",order,0.97
6A6AE8AA1CED9D44.1637059758.4371281,9048,"2021-11-16 10:49:48",set_address,0.97
E9D7651ACE651080.1637060136.4770078,9049,"2021-11-16 10:55:57",order,0.97
E9D7651ACE651080.1637060136.4770078,9050,"2021-11-16 10:56:05",set_address,0.97
E9D7651ACE651080.1637060136.4770078,9051,"2021-11-16 10:56:12",set_address,0.96
E9D7651ACE651080.1637060136.4770078,9052,"2021-11-16 10:56:24",confirm_no,0.92
E9D7651ACE651080.1637060136.4770078,9053,"2021-11-16 10:56:29",confirm_yes,0.96
E9D7651ACE651080.1637060136.4770078,9054,"2021-11-16 10:56:39",set_address,0.97
6C42B33EAFAD10B0.1637060244.4773820,9055,"2021-11-16 10:57:43",order,0.97
6C42B33EAFAD10B0.1637060244.4773820,9056,"2021-11-16 10:57:53",set_address,0.97
6C42B33EAFAD10B0.1637060244.4773820,9057,"2021-11-16 10:58:00",set_address,0.96
6C42B33EAFAD10B0.1637060244.4773820,9058,"2021-11-16 10:58:11",set_name,0.94
6C42B33EAFAD10B0.1637060244.4773820,9059,"2021-11-16 10:58:25",bye,0.64
1181F2126E485A39.1637060359.4390895,9060,"2021-11-16 10:59:40",order_cancel,0.97
1181F2126E485A39.1637060359.4390895,9061,"2021-11-16 10:59:53",order,0.97
1181F2126E485A39.1637060359.4390895,9062,"2021-11-16 11:00:01",confirm_yes,0.77
1181F2126E485A39.1637060359.4390895,9063,"2021-11-16 11:00:07",set_address,0.97
1181F2126E485A39.1637060359.4390895,9064,"2021-11-16 11:00:14",set_address,0.96
1181F2126E485A39.1637060359.4390895,9065,"2021-11-16 11:00:28",confirm_yes,0.96
1181F2126E485A39.1637060359.4390895,9066,"2021-11-16 11:00:34",set_time,0.97
1181F2126E485A39.1637060359.4390895,9067,"2021-11-16 11:00:42",confirm_yes,0.96
1181F2126E485A39.1637060359.4390895,9068,"2021-11-16 11:01:00",confirm_yes,0.95
C4D64CCBB6C77DE3.1637064179.64656,9069,"2021-11-16 12:03:30",set_name,0.94
C8743E4123FB5E31.1637068579.4726918,9070,"2021-11-16 13:16:42",order,0.97
C8743E4123FB5E31.1637068579.4726918,9071,"2021-11-16 13:16:55",set_address,0.97
C8743E4123FB5E31.1637068579.4726918,9072,"2021-11-16 13:17:08",confirm_yes,0.96
C8743E4123FB5E31.1637068579.4726918,9073,"2021-11-16 13:17:13",set_time,0.96
C8743E4123FB5E31.1637068579.4726918,9074,"2021-11-16 13:17:22",set_name,0.97
C8743E4123FB5E31.1637068579.4726918,9075,"2021-11-16 13:17:30",confirm_yes,0.94
C8743E4123FB5E31.1637068579.4726918,9076,"2021-11-16 13:17:46",confirm_yes,0.96
245284AD59ED7155.1637068799.22438,9077,"2021-11-16 13:20:24",order_cancel,0.96
245284AD59ED7155.1637068799.22438,9078,"2021-11-16 13:20:44",order_cancel,0.93
245284AD59ED7155.1637068799.22438,9079,"2021-11-16 13:21:00",confirm_no,0.92
245284AD59ED7155.1637068799.22438,9080,"2021-11-16 13:21:16",forward,0.85
44723263AD4A9C64.1637069671.4748994,9081,"2021-11-16 13:34:53",order,0.97
44723263AD4A9C64.1637069671.4748994,9082,"2021-11-16 13:35:03",set_address,0.97
44723263AD4A9C64.1637069671.4748994,9083,"2021-11-16 13:35:15",confirm_yes,0.96
44723263AD4A9C64.1637069671.4748994,9084,"2021-11-16 13:35:22",set_name,0.95
44723263AD4A9C64.1637069671.4748994,9085,"2021-11-16 13:35:28",set_time,0.91
44723263AD4A9C64.1637069671.4748994,9086,"2021-11-16 13:35:37",confirm_yes,0.96
AA0CA4B708EEFC6E.1637075508.128250,9087,"2021-11-16 15:12:08",order,0.97
AA0CA4B708EEFC6E.1637075508.128250,9088,"2021-11-16 15:12:15",set_address,0.97
AA0CA4B708EEFC6E.1637075508.128250,9089,"2021-11-16 15:12:26",confirm_yes,0.96
AA0CA4B708EEFC6E.1637075508.128250,9090,"2021-11-16 15:12:31",set_time,0.97
AA0CA4B708EEFC6E.1637075508.128250,9091,"2021-11-16 15:12:38",confirm_yes,0.96
AA0CA4B708EEFC6E.1637075508.128250,9092,"2021-11-16 15:12:51",confirm_yes,0.96
A5FCB8DAF6910FBE.1637135838.568486,9093,"2021-11-17 07:57:48",NULL,0.00
55A96803C3C6561A.1637144757.569924,9098,"2021-11-17 10:26:18",order,0.97
55A96803C3C6561A.1637144757.569924,9099,"2021-11-17 10:26:27",set_address,0.97
55A96803C3C6561A.1637144757.569924,9100,"2021-11-17 10:26:37",set_address,0.58
55A96803C3C6561A.1637144757.569924,9101,"2021-11-17 10:26:51",confirm_yes,0.96
35C965395131E19D.1637146200.444868,9102,"2021-11-17 10:50:19",order,0.97
63581379302037E6.1637148638.824360,9110,"2021-11-17 11:30:56",order,0.97
63581379302037E6.1637148638.824360,9111,"2021-11-17 11:31:06",set_time,0.87
63581379302037E6.1637148638.824360,9112,"2021-11-17 11:31:19",NULL,0.00
63581379302037E6.1637148638.824360,9113,"2021-11-17 11:31:33",confirm_yes,0.97
63581379302037E6.1637148638.824360,9114,"2021-11-17 11:31:40",set_time,0.97
63581379302037E6.1637148638.824360,9115,"2021-11-17 11:31:46",set_name,0.70
63581379302037E6.1637148638.824360,9116,"2021-11-17 11:31:55",confirm_yes,0.96
63581379302037E6.1637148638.824360,9117,"2021-11-17 11:32:14",confirm_yes,0.96
FB363D7F73C52BD7.1637155902.878457,9126,"2021-11-17 13:32:13",confirm_yes,0.96
D5BA61D447860AF3.1637161302.802725,9136,"2021-11-17 15:02:20",thanks,0.87
E1D4B5A185DEDEA9.1637163419.823805,9137,"2021-11-17 15:37:21",set_name,0.63
E1D4B5A185DEDEA9.1637163419.823805,9138,"2021-11-17 15:37:31",set_address,0.97
E1D4B5A185DEDEA9.1637163419.823805,9139,"2021-11-17 15:37:38",set_address,0.77
E1D4B5A185DEDEA9.1637163419.823805,9140,"2021-11-17 15:37:46",confirm_no,0.92
E1D4B5A185DEDEA9.1637163419.823805,9141,"2021-11-17 15:37:55",set_time,0.72
E1D4B5A185DEDEA9.1637163419.823805,9142,"2021-11-17 15:38:03",set_address,0.96
E1D4B5A185DEDEA9.1637163419.823805,9143,"2021-11-17 15:38:17",set_time,0.91
E1D4B5A185DEDEA9.1637163419.823805,9144,"2021-11-17 15:38:30",confirm_no,0.90
E1D4B5A185DEDEA9.1637163419.823805,9145,"2021-11-17 15:38:40",set_address,0.96
E1D4B5A185DEDEA9.1637163419.823805,9146,"2021-11-17 15:38:51",set_address,0.97
E1D4B5A185DEDEA9.1637163419.823805,9147,"2021-11-17 15:39:03",confirm_yes,0.96
E1D4B5A185DEDEA9.1637163419.823805,9148,"2021-11-17 15:39:09",set_time,0.96
E1D4B5A185DEDEA9.1637163419.823805,9149,"2021-11-17 15:39:18",set_name,0.93
E1D4B5A185DEDEA9.1637163419.823805,9150,"2021-11-17 15:39:26",confirm_yes,0.96
E1D4B5A185DEDEA9.1637163419.823805,9151,"2021-11-17 15:39:41",confirm_yes,0.96
E1D4B5A185DEDEA9.1637163419.823805,9152,"2021-11-17 15:39:50",bye,0.79
E1D4B5A185DEDEA9.1637163419.823805,9153,"2021-11-17 15:39:55",set_name,0.53
E1D4B5A185DEDEA9.1637163419.823805,9154,"2021-11-17 15:39:58",set_name,0.95
E1D4B5A185DEDEA9.1637163419.823805,9155,"2021-11-17 15:40:03",bye,0.60
E1D4B5A185DEDEA9.1637163419.823805,9156,"2021-11-17 15:40:13",set_name,0.61
08CC81F78AC97A66.1637179251.16438,9157,"2021-11-17 20:01:10",annoyed,0.61
D582E65CF6599166.1637221020.282306,9176,"2021-11-18 07:37:20",order,0.97
D582E65CF6599166.1637221020.282306,9177,"2021-11-18 07:37:30",set_address,0.96
D582E65CF6599166.1637221020.282306,9178,"2021-11-18 07:37:40",confirm_no,0.92
D582E65CF6599166.1637221020.282306,9179,"2021-11-18 07:37:49",set_address,0.96
6800331A466CD93F.1637221098.246672,9180,"2021-11-18 07:38:38",order,0.97
6800331A466CD93F.1637221098.246672,9181,"2021-11-18 07:38:47",set_address,0.96
6800331A466CD93F.1637221098.246672,9182,"2021-11-18 07:38:57",set_time,0.77
22689ABE649355F0.1637223267.225087,9183,"2021-11-18 08:14:57",confirm_yes,0.96
EA0A01E2E295E437.1637233628.422477,9184,"2021-11-18 11:07:29",set_time,0.81
EA0A01E2E295E437.1637233628.422477,9185,"2021-11-18 11:07:43",set_time,0.90
E438B5D805A5E7CF.1637239217.468571,9186,"2021-11-18 12:40:38",order,0.97
E438B5D805A5E7CF.1637239217.468571,9187,"2021-11-18 12:40:48",set_address,0.70
BB0F54FEB8E0944D.1637239302.296983,9188,"2021-11-18 12:42:02",order,0.97
BB0F54FEB8E0944D.1637239302.296983,9189,"2021-11-18 12:42:13",set_address,0.70
615A0F90E5D618D8.1637254801.474296,9190,"2021-11-18 17:00:23",order,0.97
615A0F90E5D618D8.1637254801.474296,9191,"2021-11-18 17:00:33",NULL,0.00
615A0F90E5D618D8.1637254801.474296,9192,"2021-11-18 17:00:46",confirm_no,0.92
615A0F90E5D618D8.1637254801.474296,9193,"2021-11-18 17:00:52",NULL,0.00
2B3CFD6974587622.1637315125.1000210,9202,"2021-11-19 09:45:45",order,0.97
2B3CFD6974587622.1637315125.1000210,9203,"2021-11-19 09:45:54",set_time,0.66
2B3CFD6974587622.1637315125.1000210,9204,"2021-11-19 09:46:03",set_time,0.95
2B3CFD6974587622.1637315125.1000210,9205,"2021-11-19 09:46:11",set_time,0.66
9BB5565FC8CF0A7A.1637321533.909704,9215,"2021-11-19 11:32:33",order,0.97
9BB5565FC8CF0A7A.1637321533.909704,9216,"2021-11-19 11:32:40",NULL,0.00
9BB5565FC8CF0A7A.1637321533.909704,9217,"2021-11-19 11:32:53",confirm_no,0.92
9BB5565FC8CF0A7A.1637321533.909704,9218,"2021-11-19 11:33:01",set_address,0.94
9BB5565FC8CF0A7A.1637321533.909704,9219,"2021-11-19 11:33:15",confirm_yes,0.96
9BB5565FC8CF0A7A.1637321533.909704,9220,"2021-11-19 11:33:21",set_time,0.96
9BB5565FC8CF0A7A.1637321533.909704,9221,"2021-11-19 11:33:34",NULL,0.00
862D4C300602794E.1637321653.1123735,9222,"2021-11-19 11:34:33",order,0.97
862D4C300602794E.1637321653.1123735,9223,"2021-11-19 11:34:42",NULL,0.00
862D4C300602794E.1637321653.1123735,9224,"2021-11-19 11:34:55",confirm_yes,0.96
862D4C300602794E.1637321653.1123735,9225,"2021-11-19 11:35:01",set_time,0.96
862D4C300602794E.1637321653.1123735,9226,"2021-11-19 11:35:07",set_name,0.95
862D4C300602794E.1637321653.1123735,9227,"2021-11-19 11:35:17",again,0.63
862D4C300602794E.1637321653.1123735,9228,"2021-11-19 11:35:24",confirm_no,0.92
862D4C300602794E.1637321653.1123735,9229,"2021-11-19 11:35:31",annoyed,0.93
464E966D9255CD97.1637333431.1253524,9230,"2021-11-19 14:50:53",order,0.97
464E966D9255CD97.1637333431.1253524,9231,"2021-11-19 14:51:06",set_time,0.93
464E966D9255CD97.1637333431.1253524,9232,"2021-11-19 14:51:16",confirm_no,0.92
464E966D9255CD97.1637333431.1253524,9233,"2021-11-19 14:51:23",set_address,0.81
464E966D9255CD97.1637333431.1253524,9234,"2021-11-19 14:51:32",confirm_no,0.76
025094DC01AA8F87.1637358655.1506113,9235,"2021-11-19 21:51:16",order,0.97
025094DC01AA8F87.1637358655.1506113,9236,"2021-11-19 21:51:26",set_address,0.96
025094DC01AA8F87.1637358655.1506113,9237,"2021-11-19 21:51:38",confirm_no,0.92
025094DC01AA8F87.1637358655.1506113,9238,"2021-11-19 21:51:49",set_address,0.98
025094DC01AA8F87.1637358655.1506113,9239,"2021-11-19 21:52:01",confirm_yes,0.96
025094DC01AA8F87.1637358655.1506113,9240,"2021-11-19 21:52:07",set_time,0.97
025094DC01AA8F87.1637358655.1506113,9241,"2021-11-19 21:52:14",NULL,0.00
025094DC01AA8F87.1637358655.1506113,9242,"2021-11-19 21:52:22",confirm_yes,0.96
025094DC01AA8F87.1637358655.1506113,9243,"2021-11-19 21:52:37",confirm_yes,0.96
BFBB559CBC11DA6F.1637398892.1425723,9244,"2021-11-20 09:01:53",order,0.97
BFBB559CBC11DA6F.1637398892.1425723,9245,"2021-11-20 09:02:01",change,0.69
17A0A1ABB64FEFAB.1637422321.1832080,9246,"2021-11-20 15:32:22",order,0.97
17A0A1ABB64FEFAB.1637422321.1832080,9247,"2021-11-20 15:32:29",NULL,0.00
17A0A1ABB64FEFAB.1637422321.1832080,9248,"2021-11-20 15:32:36",set_address,0.96
17A0A1ABB64FEFAB.1637422321.1832080,9249,"2021-11-20 15:32:46",confirm_yes,0.97
17A0A1ABB64FEFAB.1637422321.1832080,9250,"2021-11-20 15:32:52",set_time,0.98
17A0A1ABB64FEFAB.1637422321.1832080,9251,"2021-11-20 15:32:58",set_time,0.97
17A0A1ABB64FEFAB.1637422321.1832080,9252,"2021-11-20 15:33:05",set_name,0.91
17A0A1ABB64FEFAB.1637422321.1832080,9253,"2021-11-20 15:33:13",confirm_yes,0.96
17A0A1ABB64FEFAB.1637422321.1832080,9254,"2021-11-20 15:33:29",confirm_yes+bye,0.77
17A0A1ABB64FEFAB.1637422321.1832080,9255,"2021-11-20 15:33:46",confirm_yes,0.96
B60DF864885C96E1.1637425957.1812733,9256,"2021-11-20 16:32:57",order,0.97
B60DF864885C96E1.1637425957.1812733,9257,"2021-11-20 16:33:07",set_address,0.96
B60DF864885C96E1.1637425957.1812733,9258,"2021-11-20 16:33:15",set_address,0.95
B60DF864885C96E1.1637425957.1812733,9259,"2021-11-20 16:33:29",confirm_no,0.91
B60DF864885C96E1.1637425957.1812733,9260,"2021-11-20 16:33:40",set_address,0.98
C2B4753B9A50A2AA.1637426061.1813487,9261,"2021-11-20 16:34:41",order,0.97
C2B4753B9A50A2AA.1637426061.1813487,9262,"2021-11-20 16:34:54",set_address,0.97
C2B4753B9A50A2AA.1637426061.1813487,9263,"2021-11-20 16:35:01",set_address,0.98
4E2278F407D6637A.1637440845.1985569,9264,"2021-11-20 20:41:07",order,0.97
4E2278F407D6637A.1637440845.1985569,9265,"2021-11-20 20:41:14",set_address,0.96
4E2278F407D6637A.1637440845.1985569,9266,"2021-11-20 20:41:27",set_address,0.98
4E2278F407D6637A.1637440845.1985569,9267,"2021-11-20 20:41:39",confirm_yes,0.96
4E2278F407D6637A.1637440845.1985569,9268,"2021-11-20 20:41:47",set_time,0.96
4E2278F407D6637A.1637440845.1985569,9269,"2021-11-20 20:41:52",set_time,0.98
4E2278F407D6637A.1637440845.1985569,9270,"2021-11-20 20:42:00",confirm_yes,0.96
4E2278F407D6637A.1637440845.1985569,9271,"2021-11-20 20:42:18",confirm_yes,0.96
F2EBC74BC3344893.1637443603.1746613,9272,"2021-11-20 21:27:01",set_name,0.61
481BA17214E02282.1637443602.1980109,9273,"2021-11-20 21:27:02",order,0.97
481BA17214E02282.1637443602.1980109,9274,"2021-11-20 21:27:10",set_address,0.96
F2EBC74BC3344893.1637443603.1746613,9275,"2021-11-20 21:27:11",set_name,0.94
F2EBC74BC3344893.1637443603.1746613,9276,"2021-11-20 21:27:21",order,0.97
481BA17214E02282.1637443602.1980109,9277,"2021-11-20 21:27:22",confirm_yes,0.96
481BA17214E02282.1637443602.1980109,9278,"2021-11-20 21:27:31",set_time,0.96
F635449DCCD2B270.1637444501.2010445,9279,"2021-11-20 21:42:01",confirm_no,0.92
F635449DCCD2B270.1637444501.2010445,9280,"2021-11-20 21:42:09",confirm_no,0.92
F635449DCCD2B270.1637444501.2010445,9281,"2021-11-20 21:42:18",confirm_no,0.92
F635449DCCD2B270.1637444501.2010445,9282,"2021-11-20 21:42:26",forward,0.92
184B49C1A7FD33B5.1637479870.2068152,9283,"2021-11-21 07:31:30",order,0.97
D85B0EADB54D87B6.1637484873.2144097,9284,"2021-11-21 08:54:54",order,0.97
D85B0EADB54D87B6.1637484873.2144097,9285,"2021-11-21 08:55:07",again,0.94
D85B0EADB54D87B6.1637484873.2144097,9286,"2021-11-21 08:55:13",set_name,0.96
D85B0EADB54D87B6.1637484873.2144097,9287,"2021-11-21 08:55:30",confirm_no,0.62
0DCBFAEF995C9CFA.1637484958.2144693,9288,"2021-11-21 08:56:23",forward,0.92
91C648B67108F23F.1637493213.1973705,9289,"2021-11-21 11:13:53",order,0.97
91C648B67108F23F.1637493213.1973705,9290,"2021-11-21 11:14:03",set_address,0.93
91C648B67108F23F.1637493213.1973705,9291,"2021-11-21 11:14:08",set_address,0.96
91C648B67108F23F.1637493213.1973705,9292,"2021-11-21 11:14:22",set_time,0.97
91C648B67108F23F.1637493213.1973705,9293,"2021-11-21 11:14:33",confirm_yes,0.97
91C648B67108F23F.1637493213.1973705,9294,"2021-11-21 11:14:38",set_time,0.97
91C648B67108F23F.1637493213.1973705,9295,"2021-11-21 11:14:45",set_name,0.95
91C648B67108F23F.1637493213.1973705,9296,"2021-11-21 11:15:01",set_address,0.96
91C648B67108F23F.1637493213.1973705,9297,"2021-11-21 11:15:08",confirm_yes,0.95
91C648B67108F23F.1637493213.1973705,9298,"2021-11-21 11:15:25",set_time,0.97
91C648B67108F23F.1637493213.1973705,9299,"2021-11-21 11:15:42",confirm_yes,0.96
07663A07F7BEDC90.1637496078.2172411,9300,"2021-11-21 12:01:37",order,0.97
07663A07F7BEDC90.1637496078.2172411,9301,"2021-11-21 12:01:49",set_time,0.99
07663A07F7BEDC90.1637496078.2172411,9302,"2021-11-21 12:02:06",confirm_yes,0.96
07663A07F7BEDC90.1637496078.2172411,9303,"2021-11-21 12:02:15",set_time,0.98
07663A07F7BEDC90.1637496078.2172411,9304,"2021-11-21 12:02:21",NULL,0.00
07663A07F7BEDC90.1637496078.2172411,9305,"2021-11-21 12:02:31",confirm_yes,0.93
07663A07F7BEDC90.1637496078.2172411,9306,"2021-11-21 12:02:50",confirm_yes,0.86
07663A07F7BEDC90.1637496078.2172411,9307,"2021-11-21 12:03:01",set_address,0.94
D69B41B5821315BF.1637497345.2182477,9308,"2021-11-21 12:22:45",order,0.97
D69B41B5821315BF.1637497345.2182477,9309,"2021-11-21 12:22:55",set_time,0.97
6AA5A7CF79ECF53A.1637497406.2189978,9310,"2021-11-21 12:23:46",order,0.97
6AA5A7CF79ECF53A.1637497406.2189978,9311,"2021-11-21 12:23:57",set_address,0.90
6AA5A7CF79ECF53A.1637497406.2189978,9312,"2021-11-21 12:24:15",set_name,0.81
6AA5A7CF79ECF53A.1637497406.2189978,9313,"2021-11-21 12:24:34",confirm_no,0.84
60B2EF318224A93B.1637498995.2194241,9314,"2021-11-21 12:50:15",order,0.97
60B2EF318224A93B.1637498995.2194241,9315,"2021-11-21 12:50:26",set_name,0.63
60B2EF318224A93B.1637498995.2194241,9316,"2021-11-21 12:50:36",bye,0.57
60B2EF318224A93B.1637498995.2194241,9317,"2021-11-21 12:50:48",set_address,0.91
3AD555EB084CFAB8.1637509786.2060211,9318,"2021-11-21 15:50:05",order,0.97
3AD555EB084CFAB8.1637509786.2060211,9319,"2021-11-21 15:50:17",set_time,0.96
3AD555EB084CFAB8.1637509786.2060211,9320,"2021-11-21 15:50:30",confirm_yes,0.96
3AD555EB084CFAB8.1637509786.2060211,9321,"2021-11-21 15:50:37",set_time,0.97
3AD555EB084CFAB8.1637509786.2060211,9322,"2021-11-21 15:50:45",confirm_yes,0.96
3AD555EB084CFAB8.1637509786.2060211,9323,"2021-11-21 15:51:05",confirm_yes,0.96
3AD555EB084CFAB8.1637509786.2060211,9324,"2021-11-21 15:51:14",set_name,0.97
B69409C3BBB2A740.1637511727.2362436,9325,"2021-11-21 16:22:33",order_cancel,0.96
B69409C3BBB2A740.1637511727.2362436,9326,"2021-11-21 16:22:47",confirm_yes,0.96
B69409C3BBB2A740.1637511727.2362436,9327,"2021-11-21 16:23:02",order,0.85
B69409C3BBB2A740.1637511727.2362436,9328,"2021-11-21 16:23:09",confirm_no,0.82
B69409C3BBB2A740.1637511727.2362436,9329,"2021-11-21 16:23:16",confirm_no,0.84
B69409C3BBB2A740.1637511727.2362436,9330,"2021-11-21 16:23:21",confirm_no,0.92
2284F0A73C2C61AF.1637511819.2285138,9331,"2021-11-21 16:23:59",order_cancel,0.98
7325778609829CE1.1637562238.2390054,9332,"2021-11-22 06:24:19",order,0.97
7325778609829CE1.1637562238.2390054,9333,"2021-11-22 06:24:28",set_address,0.98
7325778609829CE1.1637562238.2390054,9334,"2021-11-22 06:24:38",confirm_yes,0.97
7325778609829CE1.1637562238.2390054,9335,"2021-11-22 06:24:44",set_time,0.97
7325778609829CE1.1637562238.2390054,9336,"2021-11-22 06:24:51",again,0.66
7325778609829CE1.1637562238.2390054,9337,"2021-11-22 06:25:00",confirm_yes,0.96
7325778609829CE1.1637562238.2390054,9338,"2021-11-22 06:25:12",confirm_yes,0.96
7AD97E00420D4D61.1637562893.2395466,9339,"2021-11-22 06:35:13",order,0.97
7AD97E00420D4D61.1637562893.2395466,9340,"2021-11-22 06:35:23",set_address,0.97
7AD97E00420D4D61.1637562893.2395466,9341,"2021-11-22 06:35:37",set_time,0.95
7AD97E00420D4D61.1637562893.2395466,9342,"2021-11-22 06:35:47",confirm_yes,0.96
7AD97E00420D4D61.1637562893.2395466,9343,"2021-11-22 06:35:53",set_time,0.97
7AD97E00420D4D61.1637562893.2395466,9344,"2021-11-22 06:36:00",set_name,0.97
7AD97E00420D4D61.1637562893.2395466,9345,"2021-11-22 06:36:08",confirm_yes,0.96
7AD97E00420D4D61.1637562893.2395466,9346,"2021-11-22 06:36:25",confirm_yes,0.75
C4F1D8391378A345.1637570686.2663531,9347,"2021-11-22 08:45:08",order,0.97
C4F1D8391378A345.1637570686.2663531,9348,"2021-11-22 08:45:20",set_name,0.51
C4F1D8391378A345.1637570686.2663531,9349,"2021-11-22 08:45:27",forward,0.79
819C7AFABD7730E2.1637571521.2673623,9350,"2021-11-22 08:59:11",order,0.78
819C7AFABD7730E2.1637571521.2673623,9351,"2021-11-22 08:59:18",set_address,0.66
819C7AFABD7730E2.1637571521.2673623,9352,"2021-11-22 08:59:25",set_address,0.91
819C7AFABD7730E2.1637571521.2673623,9353,"2021-11-22 08:59:36",confirm_yes,0.96
819C7AFABD7730E2.1637571521.2673623,9354,"2021-11-22 08:59:41",set_time,0.97
819C7AFABD7730E2.1637571521.2673623,9355,"2021-11-22 08:59:49",set_address,0.96
819C7AFABD7730E2.1637571521.2673623,9356,"2021-11-22 08:59:56",confirm_yes,0.96
819C7AFABD7730E2.1637571521.2673623,9357,"2021-11-22 09:00:12",confirm_yes,0.96
6A1070A116B61A21.1637574043.2718020,9358,"2021-11-22 09:41:02",order,0.97
54C8F330D0341C91.1637574941.2734352,9359,"2021-11-22 09:56:04",order,0.81
54C8F330D0341C91.1637574941.2734352,9360,"2021-11-22 09:56:12",set_address,0.96
6BED1462CD4DF32D.1637576465.2843464,9362,"2021-11-22 10:21:26",order,0.97
8299E5D370942422.1637596238.3154767,9363,"2021-11-22 15:51:00",order,0.97
8299E5D370942422.1637596238.3154767,9364,"2021-11-22 15:51:09",set_time,0.94
686A0FC63106AE5B.1637606851.3010678,9366,"2021-11-22 18:47:51",order,0.97
686A0FC63106AE5B.1637606851.3010678,9367,"2021-11-22 18:48:03",confirm_no,0.89
686A0FC63106AE5B.1637606851.3010678,9368,"2021-11-22 18:48:11",set_address,0.98
686A0FC63106AE5B.1637606851.3010678,9369,"2021-11-22 18:48:22",confirm_yes,0.97
686A0FC63106AE5B.1637606851.3010678,9370,"2021-11-22 18:48:31",set_time,0.96
686A0FC63106AE5B.1637606851.3010678,9371,"2021-11-22 18:48:39",set_time,0.98
686A0FC63106AE5B.1637606851.3010678,9372,"2021-11-22 18:48:45",set_name,0.83
686A0FC63106AE5B.1637606851.3010678,9373,"2021-11-22 18:48:53",confirm_yes,0.80
686A0FC63106AE5B.1637606851.3010678,9374,"2021-11-22 18:49:14",set_time,0.97
686A0FC63106AE5B.1637606851.3010678,9375,"2021-11-22 18:49:33",confirm_yes,0.91
686A0FC63106AE5B.1637606851.3010678,9376,"2021-11-22 18:49:41",confirm_yes,0.96
2CB905C3ED2EB988.1637615111.3332416,9377,"2021-11-22 21:05:32",order,0.97
2CB905C3ED2EB988.1637615111.3332416,9378,"2021-11-22 21:05:45",set_time,0.96
4201E6133776CFF8.1637650699.3434440,9380,"2021-11-23 06:58:38",order,0.97
4201E6133776CFF8.1637650699.3434440,9381,"2021-11-23 06:58:47",set_time,0.79
4201E6133776CFF8.1637650699.3434440,9382,"2021-11-23 06:59:08",set_name,0.69
4201E6133776CFF8.1637650699.3434440,9383,"2021-11-23 06:59:23",confirm_no,0.92
4201E6133776CFF8.1637650699.3434440,9384,"2021-11-23 06:59:30",set_address,0.69
4201E6133776CFF8.1637650699.3434440,9385,"2021-11-23 06:59:44",confirm_no,0.92
4201E6133776CFF8.1637650699.3434440,9386,"2021-11-23 06:59:53",set_address,0.97
4201E6133776CFF8.1637650699.3434440,9387,"2021-11-23 07:00:05",set_time,0.79
4201E6133776CFF8.1637650699.3434440,9388,"2021-11-23 07:00:20",confirm_no,0.92
321166CDEA8931C3.1637650939.3473924,9389,"2021-11-23 07:02:37",order,0.97
321166CDEA8931C3.1637650939.3473924,9390,"2021-11-23 07:02:47",set_address,0.79
321166CDEA8931C3.1637650939.3473924,9391,"2021-11-23 07:03:02",confirm_yes,0.96
321166CDEA8931C3.1637650939.3473924,9392,"2021-11-23 07:03:11",set_time,0.95
321166CDEA8931C3.1637650939.3473924,9393,"2021-11-23 07:03:19",confirm_yes,0.96
321166CDEA8931C3.1637650939.3473924,9394,"2021-11-23 07:03:39",confirm_no,0.92
321166CDEA8931C3.1637650939.3473924,9395,"2021-11-23 07:03:55",set_time,0.96
321166CDEA8931C3.1637650939.3473924,9396,"2021-11-23 07:04:17",confirm_yes,0.96
321166CDEA8931C3.1637650939.3473924,9397,"2021-11-23 07:04:26",bye,0.80
E776592C571649D3.1637652351.3487232,9398,"2021-11-23 07:26:12",order,0.97
BC97B3068CE8234C.1637652385.3221335,9399,"2021-11-23 07:26:57",order_cancel,0.96
BC97B3068CE8234C.1637652385.3221335,9400,"2021-11-23 07:27:12",confirm_yes,0.96
BC97B3068CE8234C.1637652385.3221335,9401,"2021-11-23 07:27:28",order,0.76
BC97B3068CE8234C.1637652385.3221335,9402,"2021-11-23 07:27:35",set_time,0.79
BC97B3068CE8234C.1637652385.3221335,9403,"2021-11-23 07:27:53",confirm_yes,0.96
BC97B3068CE8234C.1637652385.3221335,9404,"2021-11-23 07:28:02",set_time,0.97
BC97B3068CE8234C.1637652385.3221335,9405,"2021-11-23 07:28:10",confirm_yes,0.96
BC97B3068CE8234C.1637652385.3221335,9406,"2021-11-23 07:28:30",confirm_yes,0.96
BC97B3068CE8234C.1637652385.3221335,9407,"2021-11-23 07:28:40",bye,0.84
FFE3D40FC8F76A0E.1637653975.3503320,9408,"2021-11-23 07:53:15",order,0.97
FFE3D40FC8F76A0E.1637653975.3503320,9409,"2021-11-23 07:53:21",set_address,0.77
FFE3D40FC8F76A0E.1637653975.3503320,9410,"2021-11-23 07:53:28",set_address,0.91
FFE3D40FC8F76A0E.1637653975.3503320,9411,"2021-11-23 07:53:38",set_address,0.96
AF5844D2289364D3.1637658101.3277709,9422,"2021-11-23 09:02:02",NULL,0.00
116FB052889F6EFE.1637673213.3641969,9423,"2021-11-23 13:13:52",order,0.97
116FB052889F6EFE.1637673213.3641969,9424,"2021-11-23 13:14:02",set_address,0.98
116FB052889F6EFE.1637673213.3641969,9425,"2021-11-23 13:14:13",set_address,0.98
116FB052889F6EFE.1637673213.3641969,9426,"2021-11-23 13:14:21",set_name,0.63
126D3C74D6B7FC2C.1637673954.3622308,9427,"2021-11-23 13:26:14",order,0.97
126D3C74D6B7FC2C.1637673954.3622308,9428,"2021-11-23 13:26:20",set_address,0.69
73D3561D004A8FFB.1637681660.3746105,9429,"2021-11-23 15:34:41",order,0.97
73D3561D004A8FFB.1637681660.3746105,9430,"2021-11-23 15:34:51",set_address,0.97
73D3561D004A8FFB.1637681660.3746105,9431,"2021-11-23 15:35:02",confirm_yes,0.97
73D3561D004A8FFB.1637681660.3746105,9432,"2021-11-23 15:35:12",set_time,0.95
73D3561D004A8FFB.1637681660.3746105,9433,"2021-11-23 15:35:22",set_name,0.97
73D3561D004A8FFB.1637681660.3746105,9434,"2021-11-23 15:35:30",again,0.47
73D3561D004A8FFB.1637681660.3746105,9435,"2021-11-23 15:35:37",confirm_yes,0.96
73D3561D004A8FFB.1637681660.3746105,9436,"2021-11-23 15:35:56",confirm_yes,0.87
42B79FAF02B42B77.1637683464.3983512,9437,"2021-11-23 16:04:46",order,0.97
42B79FAF02B42B77.1637683464.3983512,9438,"2021-11-23 16:04:55",set_address,0.87
42B79FAF02B42B77.1637683464.3983512,9439,"2021-11-23 16:05:05",confirm_yes+bye,0.69
42B79FAF02B42B77.1637683464.3983512,9440,"2021-11-23 16:05:17",confirm_yes,0.96
42B79FAF02B42B77.1637683464.3983512,9441,"2021-11-23 16:05:26",set_time,0.97
42B79FAF02B42B77.1637683464.3983512,9442,"2021-11-23 16:05:43",set_time,0.98
42B79FAF02B42B77.1637683464.3983512,9443,"2021-11-23 16:05:50",set_time,0.97
42B79FAF02B42B77.1637683464.3983512,9444,"2021-11-23 16:05:58",set_name,0.95
42B79FAF02B42B77.1637683464.3983512,9445,"2021-11-23 16:06:06",confirm_yes,0.96
42B79FAF02B42B77.1637683464.3983512,9446,"2021-11-23 16:06:23",confirm_yes,0.96
42B79FAF02B42B77.1637683464.3983512,9447,"2021-11-23 16:06:34",thanks,0.87
3D1B8C501FFE6C9B.1637703591.4161613,9448,"2021-11-23 21:40:10",order,0.97
3D1B8C501FFE6C9B.1637703591.4161613,9449,"2021-11-23 21:40:20",set_address,0.98
3D1B8C501FFE6C9B.1637703591.4161613,9450,"2021-11-23 21:40:32",confirm_yes,0.96
3D1B8C501FFE6C9B.1637703591.4161613,9451,"2021-11-23 21:40:37",set_time,0.96
3D1B8C501FFE6C9B.1637703591.4161613,9452,"2021-11-23 21:40:43",NULL,0.00
3D1B8C501FFE6C9B.1637703591.4161613,9453,"2021-11-23 21:40:51",confirm_yes,0.96
3D1B8C501FFE6C9B.1637703591.4161613,9454,"2021-11-23 21:41:05",confirm_yes,0.96
78D3B50E8A0A9B8E.1637737999.4387019,9455,"2021-11-24 07:13:40",order,0.97
78D3B50E8A0A9B8E.1637737999.4387019,9456,"2021-11-24 07:13:50",set_address,0.85
78D3B50E8A0A9B8E.1637737999.4387019,9457,"2021-11-24 07:14:01",confirm_yes,0.96
78D3B50E8A0A9B8E.1637737999.4387019,9458,"2021-11-24 07:14:07",set_time,0.96
78D3B50E8A0A9B8E.1637737999.4387019,9459,"2021-11-24 07:14:15",NULL,0.00
78D3B50E8A0A9B8E.1637737999.4387019,9460,"2021-11-24 07:14:23",confirm_yes,0.96
78D3B50E8A0A9B8E.1637737999.4387019,9461,"2021-11-24 07:14:37",confirm_yes,0.96
4024E12CB90962E4.1637739550.4134852,9462,"2021-11-24 07:39:29",set_address,0.76
4024E12CB90962E4.1637739550.4134852,9463,"2021-11-24 07:39:37",set_address,0.96
7C2413B663DB7BF8.1637748321.4470074,9464,"2021-11-24 10:05:39",order,0.97
7C2413B663DB7BF8.1637748321.4470074,9465,"2021-11-24 10:05:49",set_address,0.96
7C2413B663DB7BF8.1637748321.4470074,9466,"2021-11-24 10:06:00",confirm_yes,0.96
7C2413B663DB7BF8.1637748321.4470074,9467,"2021-11-24 10:06:07",set_time,0.97
7C2413B663DB7BF8.1637748321.4470074,9468,"2021-11-24 10:06:15",confirm_yes,0.96
7C2413B663DB7BF8.1637748321.4470074,9469,"2021-11-24 10:06:32",confirm_yes,0.96
3341EBC1E552406A.1637763395.4838246,9470,"2021-11-24 14:16:57",order,0.97
BD8ECA25C0CF2AD4.1637766415.4795535,9471,"2021-11-24 15:07:15",order,0.97
23938830140AD73B.1637791270.4801840,9472,"2021-11-24 22:01:31",order,0.97
23938830140AD73B.1637791270.4801840,9473,"2021-11-24 22:01:40",set_name,0.95
23938830140AD73B.1637791270.4801840,9474,"2021-11-24 22:01:49",set_address,0.97
23938830140AD73B.1637791270.4801840,9475,"2021-11-24 22:02:01",confirm_yes,0.96
23938830140AD73B.1637791270.4801840,9476,"2021-11-24 22:02:09",set_time,0.91
24D55F310E2D02F6.1637791429.4830493,9477,"2021-11-24 22:04:09",order,0.97
24D55F310E2D02F6.1637791429.4830493,9478,"2021-11-24 22:04:18",set_address,0.97
24D55F310E2D02F6.1637791429.4830493,9479,"2021-11-24 22:04:31",confirm_yes,0.96
24D55F310E2D02F6.1637791429.4830493,9480,"2021-11-24 22:04:37",set_time,0.96
24D55F310E2D02F6.1637791429.4830493,9481,"2021-11-24 22:04:44",confirm_yes,0.97
24D55F310E2D02F6.1637791429.4830493,9482,"2021-11-24 22:04:51",confirm_yes,0.96
24D55F310E2D02F6.1637791429.4830493,9483,"2021-11-24 22:05:05",confirm_yes,0.96
6A1C2AA3227568DF.1637831317.5352758,9484,"2021-11-25 09:08:58",set_name,0.76
D7C0525458ADAB03.1637848518.5758007,9485,"2021-11-25 13:55:37",order,0.97
D7C0525458ADAB03.1637848518.5758007,9486,"2021-11-25 13:55:46",set_address,0.71
D7C0525458ADAB03.1637848518.5758007,9487,"2021-11-25 13:55:55",set_address,0.97
D7C0525458ADAB03.1637848518.5758007,9488,"2021-11-25 13:56:08",confirm_yes,0.97
D7C0525458ADAB03.1637848518.5758007,9489,"2021-11-25 13:56:13",set_time,0.97
D7C0525458ADAB03.1637848518.5758007,9490,"2021-11-25 13:56:21",confirm_yes,0.91
D7C0525458ADAB03.1637848518.5758007,9491,"2021-11-25 13:56:36",confirm_no,0.92
7B1E9BCCAC8F2830.1637848811.5499252,9492,"2021-11-25 14:00:35",order,0.87
FFF1A459AC77BDF1.1637848963.5678918,9493,"2021-11-25 14:03:04",thanks+bye,0.55
7EB71063311D72B4.1637851015.5537428,9494,"2021-11-25 14:37:22",order,0.97
77D10D2D1B308CD6.1637866613.5707201,9495,"2021-11-25 18:57:11",order,0.97
77D10D2D1B308CD6.1637866613.5707201,9496,"2021-11-25 18:57:22",set_time,0.94
110F6E8FB6E7C0BD.1637911220.6196667,9497,"2021-11-26 07:20:40",order,0.97
110F6E8FB6E7C0BD.1637911220.6196667,9498,"2021-11-26 07:20:49",set_address,0.68
110F6E8FB6E7C0BD.1637911220.6196667,9499,"2021-11-26 07:21:03",confirm_yes,0.91
110F6E8FB6E7C0BD.1637911220.6196667,9500,"2021-11-26 07:21:17",set_name,0.82
110F6E8FB6E7C0BD.1637911220.6196667,9501,"2021-11-26 07:21:37",order_cancel,0.78
110F6E8FB6E7C0BD.1637911220.6196667,9502,"2021-11-26 07:21:50",order,0.97
110F6E8FB6E7C0BD.1637911220.6196667,9503,"2021-11-26 07:22:05",confirm_yes,0.96
110F6E8FB6E7C0BD.1637911220.6196667,9504,"2021-11-26 07:22:10",set_time,0.96
110F6E8FB6E7C0BD.1637911220.6196667,9505,"2021-11-26 07:22:22",set_name,0.59
110F6E8FB6E7C0BD.1637911220.6196667,9506,"2021-11-26 07:22:32",set_time,0.68
110F6E8FB6E7C0BD.1637911220.6196667,9507,"2021-11-26 07:22:39",confirm_yes,0.97
110F6E8FB6E7C0BD.1637911220.6196667,9508,"2021-11-26 07:22:57",confirm_yes,0.97
16A19595F9B531C1.1637916800.6393317,9509,"2021-11-26 08:53:38",order,0.97
16A19595F9B531C1.1637916800.6393317,9510,"2021-11-26 08:53:46",set_name,0.62
16A19595F9B531C1.1637916800.6393317,9511,"2021-11-26 08:53:54",set_time,0.66
16A19595F9B531C1.1637916800.6393317,9512,"2021-11-26 08:54:12",set_name,0.71
16A19595F9B531C1.1637916800.6393317,9513,"2021-11-26 08:54:26",confirm_no,0.92
16A19595F9B531C1.1637916800.6393317,9514,"2021-11-26 08:54:32",set_address,0.97
16A19595F9B531C1.1637916800.6393317,9515,"2021-11-26 08:54:41",set_address,0.85
16A19595F9B531C1.1637916800.6393317,9516,"2021-11-26 08:54:49",set_address,0.91
3014C020C8FFD002.1637920916.463897,9517,"2021-11-26 10:02:18",order_cancel,0.72
3014C020C8FFD002.1637920916.463897,9518,"2021-11-26 10:02:31",order,0.97
3014C020C8FFD002.1637920916.463897,9519,"2021-11-26 10:02:42",set_address,0.96
3014C020C8FFD002.1637920916.463897,9520,"2021-11-26 10:02:54",confirm_yes,0.96
3014C020C8FFD002.1637920916.463897,9521,"2021-11-26 10:03:00",set_time,0.97
3014C020C8FFD002.1637920916.463897,9522,"2021-11-26 10:03:06",NULL,0.00
3014C020C8FFD002.1637920916.463897,9523,"2021-11-26 10:03:14",confirm_yes,0.96
3014C020C8FFD002.1637920916.463897,9524,"2021-11-26 10:03:29",confirm_yes,0.96
636996E869F4CBE3.1637923353.6259834,9525,"2021-11-26 10:42:52",order,0.97
636996E869F4CBE3.1637923353.6259834,9526,"2021-11-26 10:43:03",set_address,0.97
636996E869F4CBE3.1637923353.6259834,9527,"2021-11-26 10:43:13",confirm_yes,0.96
636996E869F4CBE3.1637923353.6259834,9528,"2021-11-26 10:43:19",set_time,0.96
636996E869F4CBE3.1637923353.6259834,9529,"2021-11-26 10:43:24",set_name,0.95
636996E869F4CBE3.1637923353.6259834,9530,"2021-11-26 10:43:32",confirm_yes,0.96
636996E869F4CBE3.1637923353.6259834,9531,"2021-11-26 10:43:45",confirm_yes,0.96
06DE7C1913C5744D.1637924194.6536359,9532,"2021-11-26 10:56:56",NULL,0.00
835719472C0A4620.1637924466.6277439,9533,"2021-11-26 11:01:30",confirm_no,0.78
284FF5D0096AA242.1637924845.6467513,9534,"2021-11-26 11:07:47",order,0.97
284FF5D0096AA242.1637924845.6467513,9535,"2021-11-26 11:07:55",set_address,0.98
284FF5D0096AA242.1637924845.6467513,9536,"2021-11-26 11:08:06",set_address,0.64
284FF5D0096AA242.1637924845.6467513,9537,"2021-11-26 11:08:15",thanks,0.60
284FF5D0096AA242.1637924845.6467513,9538,"2021-11-26 11:08:25",confirm_yes,0.96
284FF5D0096AA242.1637924845.6467513,9539,"2021-11-26 11:08:31",set_time,0.96
284FF5D0096AA242.1637924845.6467513,9540,"2021-11-26 11:08:38",set_name,0.95
284FF5D0096AA242.1637924845.6467513,9541,"2021-11-26 11:08:48",confirm_no,0.92
284FF5D0096AA242.1637924845.6467513,9542,"2021-11-26 11:08:54",confirm_yes,0.66
BDC75C50EF35AA2F.1637926251.585339,9543,"2021-11-26 11:31:11",order,0.92
F885EBCD23CE274A.1637936798.6732623,9552,"2021-11-26 14:26:59",again,0.83
F885EBCD23CE274A.1637936798.6732623,9553,"2021-11-26 14:27:07",order,0.97
F885EBCD23CE274A.1637936798.6732623,9554,"2021-11-26 14:27:19",set_address,0.97
F885EBCD23CE274A.1637936798.6732623,9555,"2021-11-26 14:27:31",confirm_yes,0.97
F885EBCD23CE274A.1637936798.6732623,9556,"2021-11-26 14:27:38",set_time,0.96
F885EBCD23CE274A.1637936798.6732623,9557,"2021-11-26 14:27:50",set_name,0.94
F885EBCD23CE274A.1637936798.6732623,9558,"2021-11-26 14:27:59",confirm_yes,0.80
F885EBCD23CE274A.1637936798.6732623,9559,"2021-11-26 14:28:16",confirm_yes,0.94
